event_id,date,t,ticker,sector,close,daily_return,market_return,expected_return,AR,CAR
E1,2023-12-28,-10,BNO,Controls,27.479999542236328,-0.025186270960282697,0.0003701746080437829,-0.0013488507778214426,-0.023837420182461256,-0.023837420182461256
E1,2023-12-28,-10,BNO,Controls,27.479999542236328,-0.025186270960282697,0.0032180177691849554,-0.00089988287715035,-0.024286388083132347,-0.04812380826559361
E1,2023-12-29,-9,BNO,Controls,27.309999465942383,-0.006186320201085116,-0.0028264750133749628,-0.001852808681575635,-0.0043335115195094805,-0.05245731978510309
E1,2023-12-29,-9,BNO,Controls,27.309999465942383,-0.006186320201085116,-0.001603885913022296,-0.001660065180367955,-0.0045262550207171605,-0.05698357480582025
E1,2024-01-02,-8,BNO,Controls,27.0,-0.011351134090243242,-0.005660579005492328,-0.002299610576071334,-0.009051523514171909,-0.06603509831999216
E1,2024-01-02,-8,BNO,Controls,27.0,-0.011351134090243242,0.06024096477831753,0.008089893371100039,-0.019441027461343283,-0.08547612578133544
E1,2024-01-03,-7,BNO,Controls,27.920000076293945,0.03407407689977582,-0.008016314922730805,-0.0026709968320736605,0.03674507373184948,-0.04873105204948596
E1,2024-01-03,-7,BNO,Controls,27.920000076293945,0.03407407689977582,0.06363637611557316,0.008625186438079059,0.02544889046169676,-0.023282161587789202
E1,2024-01-04,-6,BNO,Controls,27.61000061035156,-0.011103132703985885,-0.0034283812973570083,-0.0019477003541254216,-0.009155432349860463,-0.03243759393764967
E1,2024-01-04,-6,BNO,Controls,27.61000061035156,-0.011103132703985885,0.006410267295756666,-0.0003966186567327904,-0.010706514047253094,-0.04314410798490276
E1,2024-01-05,-5,BNO,Controls,28.049999237060547,0.015936204888891803,0.0018256861788026324,-0.0011193866053407409,0.017055591494232542,-0.026088516490670215
E1,2024-01-05,-5,BNO,Controls,28.049999237060547,0.015936204888891803,-0.055201679168708995,-0.010109859413055346,0.02604606430194715,-4.24521887230668e-05
E1,2024-01-08,-4,BNO,Controls,27.190000534057617,-0.030659491137050465,0.014114629309846638,0.0008179886947795062,-0.03147747983182997,-0.03151993202055303
E1,2024-01-08,-4,BNO,Controls,27.190000534057617,-0.030659491137050465,-0.020224752812624813,-0.004595680327530883,-0.026063810809519583,-0.057583742830072615
E1,2024-01-09,-3,BNO,Controls,27.56999969482422,0.01397569522996589,-0.0014779006799081618,-0.0016402033683136194,0.015615898598279509,-0.0419678442317931
E1,2024-01-09,-3,BNO,Controls,27.56999969482422,0.01397569522996589,-0.024464808615499822,-0.005264133203911286,0.019239828433877178,-0.022728015797915925
E1,2024-01-10,-2,BNO,Controls,27.299999237060547,-0.009793270248543373,0.00566597189372442,-0.0005139582450532583,-0.009279312003490114,-0.03200732780140604
E1,2024-01-10,-2,BNO,Controls,27.299999237060547,-0.009793270248543373,-0.00548594414129322,-0.002272079056978816,-0.007521191191564558,-0.0395285189929706
E1,2024-01-11,-1,BNO,Controls,27.700000762939453,0.01465207095448906,-0.0006710555783868699,-0.0015130027006856972,0.016165073655174757,-0.023363445337795843
E1,2024-01-11,-1,BNO,Controls,27.700000762939453,0.01465207095448906,-0.019700552266877946,-0.004513039112675391,0.01916511006716445,-0.004198335270631393
E1,2024-01-12,0,BNO,Controls,27.899999618530277,0.007220175093222592,0.0007509755941104146,-0.001288816776784915,0.008508991870007507,0.004310656599376114
E1,2024-01-12,0,BNO,Controls,27.899999618530277,0.007220175093222592,0.020900340647264315,0.0018877690167055361,0.005332406076517055,0.009643062675893169
E1,2024-01-16,1,BNO,Controls,27.700000762939453,-0.007168417861123988,-0.0037313402367431525,-0.001995462408181528,-0.0051729554529424595,0.004470107222950709
E1,2024-01-16,1,BNO,Controls,27.700000762939453,-0.007168417861123988,0.08976380790896399,0.012744225843853537,-0.019912643704977525,-0.015442536482026816
E1,2024-01-17,2,BNO,Controls,27.799999237060547,0.003610053117936607,-0.005616897183990499,-0.002292724053679663,0.0059027771716162695,-0.009539759310410546
E1,2024-01-17,2,BNO,Controls,27.799999237060547,0.003610053117936607,0.06864160395890595,0.009414270144606333,-0.005804217026669726,-0.015343976337080272
E1,2024-01-18,3,BNO,Controls,28.1299991607666,0.011870501178508297,0.008805260963896,-1.9043341498717814e-05,0.011889544520007015,-0.003454431817073257
E1,2024-01-18,3,BNO,Controls,28.1299991607666,0.011870501178508297,-0.04462473624843866,-0.008442384208230909,0.020312885386739206,0.01685845356966595
E1,2024-01-19,4,BNO,Controls,28.07999992370605,-0.0017774347156854775,0.012313502764936146,0.0005340376630845567,-0.002311472378770034,0.014546981190895914
E1,2024-01-19,4,BNO,Controls,28.07999992370605,-0.0017774347156854775,-0.058740263056175857,-0.010667723905377995,0.008890289189692518,0.023437270380588432
E1,2024-01-22,5,BNO,Controls,28.459999084472656,0.013532733682303011,0.0021943252026270788,-0.0010612699608252537,0.014594003643128264,0.0380312740237167
E1,2024-01-22,5,BNO,Controls,28.459999084472656,0.013532733682303011,-0.00827072246421412,-0.0027111046657399248,0.016243838348042935,0.05427511237175964
E1,2024-01-23,6,BNO,Controls,28.40999984741211,-0.0017568249707999861,0.002921374261968035,-0.0009466492912914723,-0.0008101756795085138,0.05346493669225112
E1,2024-01-23,6,BNO,Controls,28.40999984741211,-0.0017568249707999861,-0.04852156254805884,-0.009056726299429253,0.007299901328629267,0.06076483802088039
E1,2024-01-24,7,BNO,Controls,28.670000076293945,0.0091517152509073,0.0008119284117831249,-0.0012792074489385251,0.010430922699845824,0.07119576072072621
E1,2024-01-24,7,BNO,Controls,28.670000076293945,0.0091517152509073,0.04701196363514493,0.006004316134169025,0.003147399116738275,0.07434315983746449
E1,2024-01-25,8,BNO,Controls,29.34000015258789,0.02336937825291252,0.005260365527706368,-0.0005779028615036191,0.02394728111441614,0.09829044095188064
E1,2024-01-25,8,BNO,Controls,29.34000015258789,0.02336937825291252,0.02359204397585213,0.002312121175263736,0.021057257077648786,0.11934769802952942
E1,2024-01-26,9,BNO,Controls,29.799999237060547,0.01567822365645366,-0.0006517852510764532,-0.0015099646968672793,0.01718818835332094,0.13653588638285036
E1,2024-01-26,9,BNO,Controls,29.799999237060547,0.01567822365645366,-0.014126363054103419,-0.003634257562149276,0.019312481218602937,0.1558483676014533
E1,2024-01-29,10,BNO,Controls,29.40999984741211,-0.013087228175610699,0.007556774896180896,-0.00021586954895550263,-0.012871358626655196,0.1429770089747981
E1,2024-01-29,10,BNO,Controls,29.40999984741211,-0.013087228175610699,0.02564103670581641,0.0026351487833198494,-0.01572237695893055,0.12725463201586754
E1,2023-12-28,-10,DAL,Airlines,39.410587310791016,0.000985459077046169,0.0003701746080437829,0.00222348064790135,-0.001238021570855181,-0.001238021570855181
E1,2023-12-28,-10,DAL,Airlines,39.410587310791016,0.000985459077046169,0.0032180177691849554,0.0017830763874788287,-0.0007976173104326596,-0.0020356388812878407
E1,2023-12-29,-9,DAL,Airlines,39.02259826660156,-0.00984479224148016,-0.0028264750133749628,0.0027178260288410515,-0.012562618270321211,-0.014598257151609052
E1,2023-12-29,-9,DAL,Airlines,39.02259826660156,-0.00984479224148016,-0.001603885913022296,0.0025287589285567457,-0.012373551170036906,-0.02697180832164596
E1,2024-01-02,-8,DAL,Airlines,39.23599624633789,0.005468574344496435,-0.005660579005492328,0.0031561055976178694,0.0023124687468785658,-0.024659339574767396
E1,2024-01-02,-8,DAL,Airlines,39.23599624633789,0.005468574344496435,0.06024096477831753,-0.007035228337773827,0.012503802682270262,-0.012155536892497133
E1,2024-01-03,-7,DAL,Airlines,37.57731246948242,-0.04227454214343496,-0.008016314922730805,0.0035204080102431666,-0.04579495015367813,-0.05795048704617526
E1,2024-01-03,-7,DAL,Airlines,37.57731246948242,-0.04227454214343496,0.06363637611557316,-0.007560311193184691,-0.034714230950250266,-0.09266471799642553
E1,2024-01-04,-6,DAL,Airlines,38.02350234985352,0.011873916761169667,-0.0034283812973570083,0.0028109077320253514,0.009063009029144316,-0.08360170896728122
E1,2024-01-04,-6,DAL,Airlines,38.02350234985352,0.011873916761169667,0.006410267295756666,0.0012894114585188358,0.01058450530265083,-0.0730172036646304
E1,2024-01-05,-5,DAL,Airlines,39.32329559326172,0.034183943168854425,0.0018256861788026324,0.0019983932885962083,0.032185549880258214,-0.04083165378437218
E1,2024-01-05,-5,DAL,Airlines,39.32329559326172,0.034183943168854425,-0.055201679168708995,0.01081738128709673,0.023366561881757696,-0.017465091902614485
E1,2024-01-08,-4,DAL,Airlines,40.38057708740234,0.026886899436826095,0.014114629309846638,9.797159935081082e-05,0.026788927837475284,0.009323835934860799
E1,2024-01-08,-4,DAL,Airlines,40.38057708740234,0.026886899436826095,-0.020224752812624813,0.005408379979057122,0.021478519457768974,0.030802355392629772
E1,2024-01-09,-3,DAL,Airlines,41.04986572265625,0.016574518828823548,-0.0014779006799081618,0.0025092759618783574,0.014065242866945191,0.04486759825957497
E1,2024-01-09,-3,DAL,Airlines,41.04986572265625,0.016574518828823548,-0.024464808615499822,0.006064082745801875,0.010510436083021673,0.05537803434259664
E1,2024-01-10,-2,DAL,Airlines,40.84616470336914,-0.004962282231648851,0.00566597189372442,0.0014045129046028767,-0.006366795136251728,0.04901123920634491
E1,2024-01-10,-2,DAL,Airlines,40.84616470336914,-0.004962282231648851,-0.00548594414129322,0.003129099216346235,-0.008091381447995087,0.040919857758349824
E1,2024-01-11,-1,DAL,Airlines,40.99166488647461,0.0035621504286169614,-0.0006710555783868699,0.0023845015272958613,0.0011776489013211001,0.04209750665967092
E1,2024-01-11,-1,DAL,Airlines,40.99166488647461,0.0035621504286169614,-0.019700552266877946,0.005327315067613677,-0.0017651646389967154,0.040332342020674206
E1,2024-01-12,0,DAL,Airlines,37.31541442871094,-0.08968287743239889,0.0007509755941104146,0.0021645917389455497,-0.09184746917134444,-0.051515127150670234
E1,2024-01-12,0,DAL,Airlines,37.31541442871094,-0.08968287743239889,0.020900340647264315,-0.0009514036695451888,-0.0887314737628537,-0.14024660091352392
E1,2024-01-16,1,DAL,Airlines,36.34542083740234,-0.025994447768005413,-0.0037313402367431525,0.002857758769842083,-0.028852206537847497,-0.16909880745137143
E1,2024-01-16,1,DAL,Airlines,36.34542083740234,-0.025994447768005413,0.08976380790896399,-0.01160078379810767,-0.014393663969897743,-0.18349247142126918
E1,2024-01-17,2,DAL,Airlines,36.025325775146484,-0.008807025888841746,-0.005616897183990499,0.0031493504291609407,-0.011956376318002688,-0.19544884773927187
E1,2024-01-17,2,DAL,Airlines,36.025325775146484,-0.008807025888841746,0.06864160395890595,-0.008334343870498945,-0.00047268201834280155,-0.19592152975761468
E1,2024-01-18,3,DAL,Airlines,36.94681930541992,0.025579047807227973,0.008805260963896,0.0009190380371430374,0.024660009770084937,-0.17126151998752975
E1,2024-01-18,3,DAL,Airlines,36.94681930541992,0.025579047807227973,-0.04462473624843866,0.0091817116027921,0.016397336204435873,-0.15486418378309388
E1,2024-01-19,4,DAL,Airlines,36.161128997802734,-0.02126543833509187,0.012313502764936146,0.0003765065323001449,-0.021641944867392012,-0.1765061286504859
E1,2024-01-19,4,DAL,Airlines,36.161128997802734,-0.02126543833509187,-0.058740263056175857,0.011364605039151396,-0.032630043374243266,-0.20913617202472917
E1,2024-01-22,5,DAL,Airlines,35.87013244628906,-0.008047219751666335,0.0021943252026270788,0.001941385164389948,-0.009988604916056283,-0.21912477694078544
E1,2024-01-22,5,DAL,Airlines,35.87013244628906,-0.008047219751666335,-0.00827072246421412,0.003559750824721747,-0.01160697057638808,-0.2307317475171735
E1,2024-01-23,6,DAL,Airlines,36.86922073364258,0.02785292997870914,0.002921374261968035,0.0018289507762751065,0.026023979202434034,-0.20470776831473947
E1,2024-01-23,6,DAL,Airlines,36.86922073364258,0.02785292997870914,-0.04852156254805884,0.009784335696666552,0.018068594282042588,-0.1866391740326969
E1,2024-01-24,7,DAL,Airlines,37.04381561279297,0.004735518561993279,0.0008119284117831249,0.0021551656999859244,0.002580352862007355,-0.18405882117068953
E1,2024-01-24,7,DAL,Airlines,37.04381561279297,0.004735518561993279,0.04701196363514493,-0.00498943152421159,0.00972495008620487,-0.17433387108448467
E1,2024-01-25,8,DAL,Airlines,38.97409439086914,0.05210799012317602,0.005260365527706368,0.0014672378376631883,0.05064075228551283,-0.12369311879897184
E1,2024-01-25,8,DAL,Airlines,38.97409439086914,0.05210799012317602,0.02359204397585213,-0.001367661709973417,0.05347565183314944,-0.0702174669658224
E1,2024-01-26,9,DAL,Airlines,38.44059753417969,-0.013688499117876618,-0.0006517852510764532,0.002381521470541667,-0.016070020588418284,-0.08628748755424068
E1,2024-01-26,9,DAL,Airlines,38.44059753417969,-0.013688499117876618,-0.014126363054103419,0.004465295448273597,-0.018153794566150214,-0.10444128212039089
E1,2024-01-29,10,DAL,Airlines,38.88679504394531,0.011607455096630304,0.007556774896180896,0.0011121099698963722,0.010495345126733932,-0.09394593699365696
E1,2024-01-29,10,DAL,Airlines,38.88679504394531,0.011607455096630304,0.02564103670581641,-0.001684527870358964,0.013291982966989267,-0.0806539540266677
E1,2023-12-28,-10,GLD,Controls,191.47000122070312,-0.005815437657636924,0.0003701746080437829,0.0024245398896236073,-0.008239977547260531,-0.008239977547260531
E1,2023-12-28,-10,GLD,Controls,191.47000122070312,-0.005815437657636924,0.0032180177691849554,0.0026230963469754255,-0.00843853400461235,-0.01667851155187288
E1,2023-12-29,-9,GLD,Controls,191.1699981689453,-0.001566841018672216,-0.0028264750133749628,0.002201664054014178,-0.003768505072686394,-0.020447016624559274
E1,2023-12-29,-9,GLD,Controls,191.1699981689453,-0.001566841018672216,-0.001603885913022296,0.0022869050405528108,-0.0038537460592250267,-0.0243007626837843
E1,2024-01-02,-8,GLD,Controls,190.72000122070312,-0.002353909884146743,-0.005660579005492328,0.0020040655148390167,-0.004357975398985759,-0.028658738082770058
E1,2024-01-02,-8,GLD,Controls,190.72000122070312,-0.002353909884146743,0.06024096477831753,0.006598832967722764,-0.008952742851869507,-0.03761148093463956
E1,2024-01-03,-7,GLD,Controls,189.1300048828125,-0.008336809604204354,-0.008016314922730805,0.0018398196095287416,-0.010176629213733095,-0.047788110148372656
E1,2024-01-03,-7,GLD,Controls,189.1300048828125,-0.008336809604204354,0.06363637611557316,0.006835566807414806,-0.01517237641161916,-0.06296048655999181
E1,2024-01-04,-6,GLD,Controls,189.32000732421875,0.0010046128932528209,-0.0034283812973570083,0.0021596981265937292,-0.0011550852333409084,-0.06411557179333272
E1,2024-01-04,-6,GLD,Controls,189.32000732421875,0.0010046128932528209,0.006410267295756666,0.002845665400506136,-0.001841052507253315,-0.06595662430058603
E1,2024-01-05,-5,GLD,Controls,189.3500061035156,0.0001584554095515056,0.0018256861788026324,0.002526020626016636,-0.0023675652164651304,-0.06832418951705116
E1,2024-01-05,-5,GLD,Controls,189.3500061035156,0.0001584554095515056,-0.055201679168708995,-0.0014500240487794278,0.0016084794583309334,-0.06671571005872022
E1,2024-01-08,-4,GLD,Controls,187.8699951171875,-0.007816271130823171,0.014114629309846638,0.003382826592718923,-0.011199097723542094,-0.07791480778226231
E1,2024-01-08,-4,GLD,Controls,187.8699951171875,-0.007816271130823171,-0.020224752812624813,0.0009886266048389387,-0.00880489773566211,-0.08671970551792442
E1,2024-01-09,-3,GLD,Controls,187.92999267578125,0.0003193567900841021,-0.0014779006799081618,0.002295688944774475,-0.001976332154690373,-0.08869603767261479
E1,2024-01-09,-3,GLD,Controls,187.92999267578125,0.0003193567900841021,-0.024464808615499822,0.0006930027198299329,-0.0003736459297458308,-0.08906968360236062
E1,2024-01-10,-2,GLD,Controls,187.5,-0.00228804710551489,0.00566597189372442,0.0027937718621725326,-0.0050818189676874225,-0.09415150257004803
E1,2024-01-10,-2,GLD,Controls,187.5,-0.00228804710551489,-0.00548594414129322,0.0020162413538875393,-0.004304288459402429,-0.09845579102945046
E1,2024-01-11,-1,GLD,Controls,187.8699951171875,0.0019733072916665595,-0.0006710555783868699,0.0023519435542893965,-0.000378636262622837,-0.0988344272920733
E1,2024-01-11,-1,GLD,Controls,187.8699951171875,0.0019733072916665595,-0.019700552266877946,0.0010251747563402593,0.0009481325353263002,-0.097886294756747
E1,2024-01-12,0,GLD,Controls,189.7100067138672,0.009794068475553752,0.0007509755941104146,0.0024510899805068325,0.00734297849504692,-0.09054331626170008
E1,2024-01-12,0,GLD,Controls,189.7100067138672,0.009794068475553752,0.020900340647264315,0.0038559379010080427,0.005938130574545709,-0.08460518568715436
E1,2024-01-16,1,GLD,Controls,187.91000366210935,-0.009488181898979708,-0.0037313402367431525,0.0021385753152857244,-0.011626757214265433,-0.09623194290141979
E1,2024-01-16,1,GLD,Controls,187.91000366210935,-0.009488181898979708,0.08976380790896399,0.008657215684496272,-0.01814539758347598,-0.11437734048489577
E1,2024-01-17,2,GLD,Controls,185.83999633789065,-0.011015950635288596,-0.005616897183990499,0.0020071110855524694,-0.013023061720841066,-0.12740040220573684
E1,2024-01-17,2,GLD,Controls,185.83999633789065,-0.011015950635288596,0.06864160395890595,0.007184539785411462,-0.018200490420700058,-0.14560089262643688
E1,2024-01-18,3,GLD,Controls,187.3699951171875,0.008232882099906247,0.008805260963896,0.0030126484228208995,0.005220233677085347,-0.14038065894935153
E1,2024-01-18,3,GLD,Controls,187.3699951171875,0.008232882099906247,-0.04462473624843866,-0.0007125816416562337,0.00894546374156248,-0.13143519520778904
E1,2024-01-19,4,GLD,Controls,187.92999267578125,0.00298872590696031,0.012313502764936146,0.0032572489938962257,-0.0002685230869359156,-0.13170371829472496
E1,2024-01-19,4,GLD,Controls,187.92999267578125,0.00298872590696031,-0.058740263056175857,-0.0016967401216042032,0.004685466028564513,-0.12701825226616045
E1,2024-01-22,5,GLD,Controls,187.22000122070312,-0.003777957126316789,0.0021943252026270788,0.0025517227642561885,-0.006329679890572978,-0.13334793215673343
E1,2024-01-22,5,GLD,Controls,187.22000122070312,-0.003777957126316789,-0.00827072246421412,0.0018220818840634563,-0.005600039010380245,-0.1389479711671137
E1,2024-01-23,6,GLD,Controls,187.9499969482422,0.0038991332271092194,0.002921374261968035,0.002602413858314144,0.0012967193687950752,-0.1376512517983186
E1,2024-01-23,6,GLD,Controls,187.9499969482422,0.0038991332271092194,-0.04852156254805884,-0.000984274983314111,0.00488340821042333,-0.13276784358789528
E1,2024-01-24,7,GLD,Controls,186.3999938964844,-0.008246890539639784,0.0008119284117831249,0.0024553397143783615,-0.010702230254018145,-0.14347007384191343
E1,2024-01-24,7,GLD,Controls,186.3999938964844,-0.008246890539639784,0.04701196363514493,0.005676484561345304,-0.013923375100985088,-0.15739344894289853
E1,2024-01-25,8,GLD,Controls,187.13999938964844,0.003969986681303217,0.005260365527706368,0.0027654922981098762,0.0012044943831933407,-0.1561889545597052
E1,2024-01-25,8,GLD,Controls,187.13999938964844,0.003969986681303217,0.02359204397585213,0.004043608024299639,-7.362134299642234e-05,-0.15626257590270162
E1,2024-01-26,9,GLD,Controls,187.00999450683597,-0.0006946931881824936,-0.0006517852510764532,0.0023532871142069424,-0.003047980302389436,-0.15931055620509105
E1,2024-01-26,9,GLD,Controls,187.00999450683597,-0.0006946931881824936,-0.014126363054103419,0.0014138166864154124,-0.002108509874597906,-0.16141906607968895
E1,2024-01-29,10,GLD,Controls,188.3300018310547,0.0070584854445865375,0.007556774896180896,0.002925601855776358,0.00413288358881018,-0.15728618249087878
E1,2024-01-29,10,GLD,Controls,188.3300018310547,0.0070584854445865375,0.02564103670581641,0.004186467274118127,0.0028720181704684107,-0.15441416432041036
E1,2023-12-28,-10,ITA,Defense,124.4090805053711,-0.000552539961541143,0.0003701746080437829,0.003315091050977628,-0.003867631012518771,-0.003867631012518771
E1,2023-12-28,-10,ITA,Defense,124.4090805053711,-0.000552539961541143,0.0032180177691849554,0.0031703657213569816,-0.0037229056828981246,-0.007590536695416896
E1,2023-12-29,-9,ITA,Defense,124.39924621582033,-7.90480044609021e-05,-0.0028264750133749628,0.003477542472619878,-0.00355659047708078,-0.011147127172497676
E1,2023-12-29,-9,ITA,Defense,124.39924621582033,-7.90480044609021e-05,-0.001603885913022296,0.0034154113788316064,-0.0034944593832925085,-0.014641586555790185
E1,2024-01-02,-8,ITA,Defense,123.2594223022461,-0.009162627172167537,-0.005660579005492328,0.003621569587608196,-0.012784196759775733,-0.027425783315565916
E1,2024-01-02,-8,ITA,Defense,123.2594223022461,-0.009162627172167537,0.06024096477831753,0.0002725007987218488,-0.009435127970889386,-0.0368609112864553
E1,2024-01-03,-7,ITA,Defense,121.57913208007812,-0.013632144227057164,-0.008016314922730805,0.003741286383032041,-0.017373430610089204,-0.054234341896544504
E1,2024-01-03,-7,ITA,Defense,121.57913208007812,-0.013632144227057164,0.06363637611557316,9.994845044397236e-05,-0.013732092677501136,-0.06796643457404564
E1,2024-01-04,-6,ITA,Defense,121.5693130493164,-8.076246798049969e-05,-0.0034283812973570083,0.0035081309146164984,-0.003588893382596998,-0.07155532795664263
E1,2024-01-04,-6,ITA,Defense,121.5693130493164,-8.076246798049969e-05,0.006410267295756666,0.003008137909352295,-0.0030889003773327947,-0.07464422833397542
E1,2024-01-05,-5,ITA,Defense,121.6872329711914,0.0009699809838290552,0.0018256861788026324,0.0032411230057147952,-0.00227114202188574,-0.07691537035586116
E1,2024-01-05,-5,ITA,Defense,121.6872329711914,0.0009699809838290552,-0.055201679168708995,0.006139212465110593,-0.005169231481281538,-0.0820846018371427
E1,2024-01-08,-4,ITA,Defense,120.30174255371094,-0.011385667860559168,0.014114629309846638,0.002616607804316892,-0.01400227566487606,-0.09608687750201876
E1,2024-01-08,-4,ITA,Defense,120.30174255371094,-0.011385667860559168,-0.020224752812624813,0.004361710366303678,-0.015747378226862847,-0.11183425572888162
E1,2024-01-09,-3,ITA,Defense,119.35842895507812,-0.007841229716283205,-0.0014779006799081618,0.0034090089004091394,-0.011250238616692344,-0.12308449434557396
E1,2024-01-09,-3,ITA,Defense,119.35842895507812,-0.007841229716283205,-0.024464808615499822,0.004577186935397857,-0.012418416651681061,-0.13550291099725503
E1,2024-01-10,-2,ITA,Defense,120.13469696044922,0.006503671438765846,0.00566597189372442,0.0030459624633389984,0.0034577089754268472,-0.13204520202182818
E1,2024-01-10,-2,ITA,Defense,120.13469696044922,0.006503671438765846,-0.00548594414129322,0.003612694770121988,0.0028909766686438577,-0.12915422535318433
E1,2024-01-11,-1,ITA,Defense,119.35842895507812,-0.006461647009661675,-0.0006710555783868699,0.00336800561593624,-0.009829652625597915,-0.13898387797878226
E1,2024-01-11,-1,ITA,Defense,119.35842895507812,-0.006461647009661675,-0.019700552266877946,0.004335070873720056,-0.010796717883381731,-0.149780595862164
E1,2024-01-12,0,ITA,Defense,120.21331787109376,0.007162367362738786,0.0007509755941104146,0.0032957390202968807,0.0038666283424419056,-0.14591396751972208
E1,2024-01-12,0,ITA,Defense,120.21331787109376,0.007162367362738786,0.020900340647264315,0.002271762862215234,0.004890604500523552,-0.14102336301919852
E1,2024-01-16,1,ITA,Defense,117.22615051269533,-0.024848888719647633,-0.0037313402367431525,0.0035235270687876473,-0.02837241578843528,-0.1693957788076338
E1,2024-01-16,1,ITA,Defense,117.22615051269533,-0.024848888719647633,0.08976380790896399,-0.0012278287354752894,-0.023621059984172344,-0.19301683879180614
E1,2024-01-17,2,ITA,Defense,117.24579620361328,0.0001675879556910509,-0.005616897183990499,0.0036193497090342827,-0.003451761753343232,-0.19646860054514936
E1,2024-01-17,2,ITA,Defense,117.24579620361328,0.0001675879556910509,0.06864160395890595,-0.00015441360830174312,0.000322001563992794,-0.19614659898115658
E1,2024-01-18,3,ITA,Defense,119.10294342041016,0.015839776579892773,0.008805260963896,0.0028864260634225733,0.012953350516470199,-0.18319324846468638
E1,2024-01-18,3,ITA,Defense,119.10294342041016,0.015839776579892773,-0.04462473624843866,0.00560169987614432,0.010238076703748452,-0.17295517176093791
E1,2024-01-19,4,ITA,Defense,119.59424591064452,0.00412502391733649,0.012313502764936146,0.0027081397525847923,0.0014168841647516977,-0.17153828759618622
E1,2024-01-19,4,ITA,Defense,119.59424591064452,0.00412502391733649,-0.058740263056175857,0.006319040738834323,-0.0021940168214978333,-0.17373230441768406
E1,2024-01-22,5,ITA,Defense,120.04625701904295,0.0037795389314645433,0.0021943252026270788,0.0032223890371585184,0.0005571498943060249,-0.17317515452337803
E1,2024-01-22,5,ITA,Defense,120.04625701904295,0.0037795389314645433,-0.00827072246421412,0.003754215190278714,2.532374118582913e-05,-0.1731498307821922
E1,2024-01-23,6,ITA,Defense,120.30174255371094,0.0021282257440766728,0.002921374261968035,0.003185440929833206,-0.0010572151857565332,-0.17420704596794873
E1,2024-01-23,6,ITA,Defense,120.30174255371094,0.0021282257440766728,-0.04852156254805884,0.00579973377013901,-0.0036715080260623376,-0.17787855399401106
E1,2024-01-24,7,ITA,Defense,120.63581085205078,0.002776919862076843,0.0008119284117831249,0.003292641442189575,-0.000515721580112732,-0.1783942755741238
E1,2024-01-24,7,ITA,Defense,120.63581085205078,0.002776919862076843,0.04701196363514493,0.000944789068357584,0.0018321307937192591,-0.17656214478040452
E1,2024-01-25,8,ITA,Defense,119.5549545288086,-0.008959663930702688,0.005260365527706368,0.0030665750854872885,-0.012026239016189978,-0.1885883837965945
E1,2024-01-25,8,ITA,Defense,119.5549545288086,-0.008959663930702688,0.02359204397585213,0.0021349724459499087,-0.011094636376652596,-0.1996830201732471
E1,2024-01-26,9,ITA,Defense,119.91851806640624,0.0030409742451120714,-0.0006517852510764532,0.003367026311840441,-0.00032605206672836964,-0.20000907223997547
E1,2024-01-26,9,ITA,Defense,119.91851806640624,0.0030409742451120714,-0.014126363054103419,0.004051794609705792,-0.0010108203645937206,-0.20101989260456918
E1,2024-01-29,10,ITA,Defense,120.13469696044922,0.001802714856126597,0.007556774896180896,0.0029498732223610766,-0.0011471583662344795,-0.20216705097080365
E1,2024-01-29,10,ITA,Defense,120.13469696044922,0.001802714856126597,0.02564103670581641,0.0020308441174377583,-0.00022812926131116117,-0.2023951802321148
E1,2023-12-28,-10,JETS,Airlines,19.113449096679688,0.004692430401831871,0.0003701746080437829,0.002504534888614012,0.002187895513217859,0.002187895513217859
E1,2023-12-28,-10,JETS,Airlines,19.113449096679688,0.004692430401831871,0.0032180177691849554,0.002157831299399542,0.002534599102432329,0.004722494615650188
E1,2023-12-29,-9,JETS,Airlines,18.875398635864254,-0.012454605111370864,-0.0028264750133749628,0.0028937030536062332,-0.015348308164977098,-0.01062581354932691
E1,2023-12-29,-9,JETS,Airlines,18.875398635864254,-0.012454605111370864,-0.001603885913022296,0.0027448619815238413,-0.015199467092894705,-0.025825280642221615
E1,2024-01-02,-8,JETS,Airlines,18.58775329589844,-0.015239166362254863,-0.005660579005492328,0.003238734001827556,-0.01847790036408242,-0.04430318100630404
E1,2024-01-02,-8,JETS,Airlines,18.58775329589844,-0.015239166362254863,0.06024096477831753,-0.0047842856912463354,-0.010454880671008528,-0.054758061677312564
E1,2024-01-03,-7,JETS,Airlines,17.863685607910156,-0.038954018619778874,-0.008016314922730805,0.0035255272174415583,-0.04247954583722043,-0.097237607514533
E1,2024-01-03,-7,JETS,Airlines,17.863685607910156,-0.038954018619778874,0.06363637611557316,-0.0051976516074417715,-0.0337563670123371,-0.13099397452687012
E1,2024-01-04,-6,JETS,Airlines,18.23067855834961,0.020544077996813126,-0.0034283812973570083,0.002966980638507958,0.017577097358305167,-0.11341687716856495
E1,2024-01-04,-6,JETS,Airlines,18.23067855834961,0.020544077996813126,0.006410267295756666,0.001769198813020935,0.01877487918379219,-0.09464199798477277
E1,2024-01-05,-5,JETS,Airlines,18.617511749267575,0.021218803769692762,0.0018256861788026324,0.0023273372491474232,0.01889146652054534,-0.07575053146422743
E1,2024-01-05,-5,JETS,Airlines,18.617511749267575,0.021218803769692762,-0.055201679168708995,0.009269992139420388,0.011948811630272374,-0.06380171983395505
E1,2024-01-08,-4,JETS,Airlines,18.98450469970703,0.019712244868270057,0.014114629309846638,0.0008312504037334459,0.018880994464536612,-0.044920725369418435
E1,2024-01-08,-4,JETS,Airlines,18.98450469970703,0.019712244868270057,-0.020224752812624813,0.005011813152314488,0.014700431715955569,-0.030220293653462866
E1,2024-01-09,-3,JETS,Airlines,18.85556030273437,-0.006792086441667844,-0.0014779006799081618,0.0027295242223716876,-0.009521610664039531,-0.039741904317502394
E1,2024-01-09,-3,JETS,Airlines,18.85556030273437,-0.006792086441667844,-0.024464808615499822,0.005528008210169197,-0.012320094651837041,-0.05206199896933943
E1,2024-01-10,-2,JETS,Airlines,18.91507339477539,0.0031562621892700093,0.00566597189372442,0.0018598112072853027,0.0012964509819847066,-0.05076554798735473
E1,2024-01-10,-2,JETS,Airlines,18.91507339477539,0.0031562621892700093,-0.00548594414129322,0.0032174735142255807,-6.121132495557138e-05,-0.0508267593123103
E1,2024-01-11,-1,JETS,Airlines,18.974584579467773,0.003146230704493158,-0.0006710555783868699,0.0026312968703691105,0.0005149338341240476,-0.05031182547818625
E1,2024-01-11,-1,JETS,Airlines,18.974584579467773,0.003146230704493158,-0.019700552266877946,0.004947995659427766,-0.001801764954934608,-0.05211359043312086
E1,2024-01-12,0,JETS,Airlines,18.012466430664062,-0.050705623871460714,0.0007509755941104146,0.0024581752187953954,-0.05316379909025611,-0.10527738952337698
E1,2024-01-12,0,JETS,Airlines,18.012466430664062,-0.050705623871460714,0.020900340647264315,5.1408383761678e-06,-0.05071076470983688,-0.15598815423321385
E1,2024-01-16,1,JETS,Airlines,17.75457763671875,-0.014317239392951042,-0.0037313402367431525,0.003003863621778601,-0.017321103014729642,-0.1733092572479435
E1,2024-01-16,1,JETS,Airlines,17.75457763671875,-0.014317239392951042,0.08976380790896399,-0.00837847086860326,-0.005938768524347783,-0.17924802577229126
E1,2024-01-17,2,JETS,Airlines,17.417339324951172,-0.018994442935670097,-0.005616897183990499,0.0032334160670112154,-0.022227859002681313,-0.20147588477497258
E1,2024-01-17,2,JETS,Airlines,17.417339324951172,-0.018994442935670097,0.06864160395890595,-0.005807000634030831,-0.013187442301639266,-0.21466332707661184
E1,2024-01-18,3,JETS,Airlines,18.06205940246582,0.03701599110439657,0.008805260963896,0.0014776262600727937,0.03553836484432378,-0.17912496223228808
E1,2024-01-18,3,JETS,Airlines,18.06205940246582,0.03701599110439657,-0.04462473624843866,0.007982328505618006,0.029033662598778567,-0.1500912996335095
E1,2024-01-19,4,JETS,Airlines,17.962873458862305,-0.00549139726503034,0.012313502764936146,0.0010505240794297212,-0.006541921344460061,-0.15663322097796956
E1,2024-01-19,4,JETS,Airlines,17.962873458862305,-0.00549139726503034,-0.058740263056175857,0.009700788241980209,-0.015192185507010549,-0.1718254064849801
E1,2024-01-22,5,JETS,Airlines,17.952953338623047,-0.0005522568681439743,0.0021943252026270788,0.0022824582072014333,-0.0028347150753454077,-0.1746601215603255
E1,2024-01-22,5,JETS,Airlines,17.952953338623047,-0.0005522568681439743,-0.00827072246421412,0.0035564994314170465,-0.004108756299561021,-0.17876887785988654
E1,2024-01-23,6,JETS,Airlines,18.36954116821289,0.023204417776412134,0.002921374261968035,0.00219394542607359,0.021010472350338545,-0.157758405509548
E1,2024-01-23,6,JETS,Airlines,18.36954116821289,0.023204417776412134,-0.04852156254805884,0.008456737940469845,0.014747679835942289,-0.1430107256736057
E1,2024-01-24,7,JETS,Airlines,18.498485565185547,0.007019467486525155,0.0008119284117831249,0.0024507546694659175,0.004568712817059237,-0.13844201285654648
E1,2024-01-24,7,JETS,Airlines,18.498485565185547,0.007019467486525155,0.04701196363514493,-0.003173753819040854,0.010193221305566009,-0.12824879155098046
E1,2024-01-25,8,JETS,Airlines,19.063854217529297,0.030562969619944536,0.005260365527706368,0.0019091907464486694,0.028653778873495867,-0.09959501267748459
E1,2024-01-25,8,JETS,Airlines,19.063854217529297,0.030562969619944536,0.02359204397585213,-0.00032255389490681765,0.030885523514851354,-0.06870948916263324
E1,2024-01-26,9,JETS,Airlines,18.96466827392578,-0.005202827427851053,-0.0006517852510764532,0.0026289508522544113,-0.007831778280105464,-0.0765412674427387
E1,2024-01-26,9,JETS,Airlines,18.96466827392578,-0.005202827427851053,-0.014126363054103419,0.004269379844694805,-0.009472207272545857,-0.08601347471528456
E1,2024-01-29,10,JETS,Airlines,19.034099578857425,0.003661087234892779,0.007556774896180896,0.0016296200940968681,0.002031467140795911,-0.08398200757448865
E1,2024-01-29,10,JETS,Airlines,19.034099578857425,0.003661087234892779,0.02564103670581641,-0.000572003423394302,0.004233090658287081,-0.07974891691620156
E1,2023-12-28,-10,LMT,Defense,419.5299682617188,0.0050337377328550925,0.0003701746080437829,0.0020857768730190873,0.0029479608598360053,0.0029479608598360053
E1,2023-12-28,-10,LMT,Defense,419.5299682617188,0.0050337377328550925,0.0032180177691849554,0.0021654299232042886,0.002868307809650804,0.005816268669486809
E1,2023-12-29,-9,LMT,Defense,421.3987121582031,0.004454375224318907,-0.0028264750133749628,0.0019963678436899085,0.0024580073806289987,0.008274276050115808
E1,2023-12-29,-9,LMT,Defense,421.3987121582031,0.004454375224318907,-0.001603885913022296,0.0020305631787052147,0.0024238120456136925,0.0106980880957295
E1,2024-01-02,-8,LMT,Defense,424.076416015625,0.00635432377974765,-0.005660579005492328,0.0019170990726443346,0.004437224707103316,0.015135312802832816
E1,2024-01-02,-8,LMT,Defense,424.076416015625,0.00635432377974765,0.06024096477831753,0.003760339264351587,0.002593984515396063,0.01772929731822888
E1,2024-01-03,-7,LMT,Defense,426.8656311035156,0.006577152094654259,-0.008016314922730805,0.0018512100680111979,0.004725942026643061,0.02245523934487194
E1,2024-01-03,-7,LMT,Defense,426.8656311035156,0.006577152094654259,0.06363637611557316,0.00385530758049209,0.0027218445141621696,0.025177083859034107
E1,2024-01-04,-6,LMT,Defense,425.7034301757813,-0.0027226387955615605,-0.0034283812973570083,0.0019795327622854964,-0.0047021715578470565,0.020474912301187052
E1,2024-01-04,-6,LMT,Defense,425.7034301757813,-0.0027226387955615605,0.006410267295756666,0.0022547158836157496,-0.00497735467917731,0.015497557622009743
E1,2024-01-05,-5,LMT,Defense,424.4297180175781,-0.002992017606429087,0.0018256861788026324,0.002126486957679908,-0.005118504564108995,0.010379053057900748
E1,2024-01-05,-5,LMT,Defense,424.4297180175781,-0.002992017606429087,-0.055201679168708995,0.0005314540373504955,-0.003523471643779583,0.006855581414121165
E1,2024-01-08,-4,LMT,Defense,426.3822021484375,0.004600253111349151,0.014114629309846638,0.002470203850975356,0.0021300492603737948,0.00898563067449496
E1,2024-01-08,-4,LMT,Defense,426.3822021484375,0.004600253111349151,-0.020224752812624813,0.0015097448745638982,0.0030905082367852525,0.012076138911280211
E1,2024-01-09,-3,LMT,Defense,424.23443603515625,-0.005037185188451088,-0.0014779006799081618,0.0020340869359938055,-0.007071272124444894,0.0050048667868353176
E1,2024-01-09,-3,LMT,Defense,424.23443603515625,-0.005037185188451088,-0.024464808615499822,0.0013911521858011077,-0.006428337374252195,-0.0014234705874168778
E1,2024-01-10,-2,LMT,Defense,423.4069519042969,-0.0019505350357527096,0.00566597189372442,0.0022338982347298707,-0.00418443327048258,-0.005607903857899458
E1,2024-01-10,-2,LMT,Defense,423.4069519042969,-0.0019505350357527096,-0.00548594414129322,0.0019219835409296467,-0.0038725185766823565,-0.009480422434581814
E1,2024-01-11,-1,LMT,Defense,421.2964172363281,-0.004984648122749236,-0.0006710555783868699,0.0020566540753082494,-0.007041302198057485,-0.016521724632639297
E1,2024-01-11,-1,LMT,Defense,421.2964172363281,-0.004984648122749236,-0.019700552266877946,0.00152440655711272,-0.006509054679861955,-0.023030779312501252
E1,2024-01-12,0,LMT,Defense,430.640380859375,0.022179072123001964,0.0007509755941104146,0.0020964277264325123,0.02008264439656945,-0.0029481349159318007
E1,2024-01-12,0,LMT,Defense,430.640380859375,0.022179072123001964,0.020900340647264315,0.0026599975211734827,0.01951907460182848,0.01657093968589668
E1,2024-01-16,1,LMT,Defense,425.6755676269531,-0.011528907768737828,-0.0037313402367431525,0.0019710591202211246,-0.013499966888958954,0.003070972796937726
E1,2024-01-16,1,LMT,Defense,425.6755676269531,-0.011528907768737828,0.08976380790896399,0.004586081544538425,-0.016114989313276255,-0.01304401651633853
E1,2024-01-17,2,LMT,Defense,424.4017639160156,-0.002992428524941415,-0.005616897183990499,0.001918320835966045,-0.00491074936090746,-0.01795476587724599
E1,2024-01-17,2,LMT,Defense,424.4017639160156,-0.002992428524941415,0.06864160395890595,0.00399530182948493,-0.006987730354426345,-0.024942496231672336
E1,2024-01-18,3,LMT,Defense,427.2839965820313,0.00679128342780877,0.008805260963896,0.0023217029120604967,0.004469580515748273,-0.020472915715924064
E1,2024-01-18,3,LMT,Defense,427.2839965820313,0.00679128342780877,-0.04462473624843866,0.00082728695986885,0.0059639964679399195,-0.014508919247984146
E1,2024-01-19,4,LMT,Defense,425.6011962890625,-0.003938364896485691,0.012313502764936146,0.0024198270517789547,-0.006358191948264646,-0.020867111196248792
E1,2024-01-19,4,LMT,Defense,425.6011962890625,-0.003938364896485691,-0.058740263056175857,0.000432481241439924,-0.004370846137925615,-0.02523795733417441
E1,2024-01-22,5,LMT,Defense,426.5309448242188,0.0021845533876856393,0.0021943252026270788,0.0021367976458054245,4.775574188021483e-05,-0.025190201592294195
E1,2024-01-22,5,LMT,Defense,426.5309448242188,0.0021845533876856393,-0.00827072246421412,0.0018440943894001806,0.0003404589982854587,-0.024849742594008736
E1,2024-01-23,6,LMT,Defense,408.7820739746094,-0.041612152799192725,0.002921374261968035,0.0021571329212872322,-0.04376928572047996,-0.0686190283144887
E1,2024-01-23,6,LMT,Defense,408.7820739746094,-0.041612152799192725,-0.04852156254805884,0.0007182942649613543,-0.04233044706415408,-0.11094947537864278
E1,2024-01-24,7,LMT,Defense,401.3254699707031,-0.01824102493390989,0.0008119284117831249,0.0020981325527063962,-0.020339157486616286,-0.13128863286525905
E1,2024-01-24,7,LMT,Defense,401.3254699707031,-0.01824102493390989,0.04701196363514493,0.003390329319163817,-0.021631354253073706,-0.15291998711833277
E1,2024-01-25,8,LMT,Defense,400.7583618164063,-0.0014130878718916495,0.005260365527706368,0.002222553584621075,-0.0036356414565127245,-0.15655562857484548
E1,2024-01-25,8,LMT,Defense,400.7583618164063,-0.0014130878718916495,0.02359204397585213,0.0027352834018150854,-0.004148371273706735,-0.16070399984855221
E1,2024-01-26,9,LMT,Defense,399.7077026367188,-0.0026216774989433755,-0.0006517852510764532,0.00205719305876397,-0.0046788705577073455,-0.16538287040625957
E1,2024-01-26,9,LMT,Defense,399.7077026367188,-0.0026216774989433755,-0.014126363054103419,0.0016803144312419326,-0.004301991930185308,-0.16968486233644486
E1,2024-01-29,10,LMT,Defense,397.9411926269531,-0.0044195045482303685,0.007556774896180896,0.0022867832490803953,-0.006706287797310764,-0.17639115013375561
E1,2024-01-29,10,LMT,Defense,397.9411926269531,-0.0044195045482303685,0.02564103670581641,0.0027925929204627195,-0.0072120974686930885,-0.1836032476024487
E1,2023-12-28,-10,XLE,Energy,38.8165168762207,-0.01523496848282957,0.0003701746080437829,-0.0002930114132508219,-0.014941957069578748,-0.014941957069578748
E1,2023-12-28,-10,XLE,Energy,38.8165168762207,-0.01523496848282957,0.0032180177691849554,-0.00020091874221992947,-0.01503404974060964,-0.029976006810188388
E1,2023-12-29,-9,XLE,Energy,38.72874450683594,-0.002261211887317427,-0.0028264750133749628,-0.0003963836796745029,-0.001864828207642924,-0.03184083501783131
E1,2023-12-29,-9,XLE,Energy,38.72874450683594,-0.002261211887317427,-0.001603885913022296,-0.00035684797161268124,-0.0019043639157047456,-0.03374519893353606
E1,2024-01-02,-8,XLE,Energy,39.14448547363281,0.010734687428958445,-0.005660579005492328,-0.000488032057708361,0.011222719486666807,-0.02252247944686925
E1,2024-01-02,-8,XLE,Energy,39.14448547363281,0.010734687428958445,0.06024096477831753,0.001643071675433459,0.009091615753524986,-0.013430863693344265
E1,2024-01-03,-7,XLE,Energy,39.78196334838867,0.016285253645376363,-0.008016314922730805,-0.0005642111169424261,0.01684946476231879,0.0034186010689745243
E1,2024-01-03,-7,XLE,Energy,39.78196334838867,0.016285253645376363,0.06363637611557316,0.0017528714367275973,0.014532382208648765,0.01795098327762329
E1,2024-01-04,-6,XLE,Energy,39.08443832397461,-0.017533700343181136,-0.0034283812973570083,-0.0004158479388579242,-0.01711785240432321,0.0008331308733000795
E1,2024-01-04,-6,XLE,Energy,39.08443832397461,-0.017533700343181136,0.006410267295756666,-9.76887647020357e-05,-0.0174360115784791,-0.01660288070517902
E1,2024-01-05,-5,XLE,Energy,39.11677169799805,0.0008272697628508574,0.0018256861788026324,-0.00024594353040651535,0.0010732132932573728,-0.015529667411921647
E1,2024-01-05,-5,XLE,Energy,39.11677169799805,0.0008272697628508574,-0.055201679168708995,-0.002090076826919385,0.0029173465897702425,-0.012612320822151404
E1,2024-01-08,-4,XLE,Energy,38.66406631469727,-0.011573178553585528,0.014114629309846638,0.00015145251040321915,-0.011724631063988748,-0.02433695188614015
E1,2024-01-08,-4,XLE,Energy,38.66406631469727,-0.011573178553585528,-0.020224752812624813,-0.000959003804171931,-0.010614174749413598,-0.03495112663555375
E1,2024-01-09,-3,XLE,Energy,38.04507827758789,-0.016009387943608178,-0.0014779006799081618,-0.0003527739001236878,-0.01565661404348449,-0.05060774067903824
E1,2024-01-09,-3,XLE,Energy,38.04507827758789,-0.016009387943608178,-0.024464808615499822,-0.001096117416864817,-0.01491327052674336,-0.0655210112057816
E1,2024-01-10,-2,XLE,Energy,37.67091751098633,-0.009834669385395345,0.00566597189372442,-0.0001217575591302004,-0.009712911826265144,-0.07523392303204675
E1,2024-01-10,-2,XLE,Energy,37.67091751098633,-0.009834669385395345,-0.00548594414129322,-0.00048238476950139087,-0.009352284615893955,-0.0845862076479407
E1,2024-01-11,-1,XLE,Energy,37.76792144775391,0.0025750351511693026,-0.0006710555783868699,-0.0003266823928661349,0.0029017175440354376,-0.08168449010390526
E1,2024-01-11,-1,XLE,Energy,37.76792144775391,0.0025750351511693026,-0.019700552266877946,-0.0009420523691096378,0.0035170875202789405,-0.07816740258362631
E1,2024-01-12,0,XLE,Energy,38.19289779663086,0.011252309700570562,0.0007509755941104146,-0.0002806971887820765,0.011533006889352639,-0.06663439569427368
E1,2024-01-12,0,XLE,Energy,38.19289779663086,0.011252309700570562,0.020900340647264315,0.000370886744153996,0.010881422956416566,-0.055752972737857114
E1,2024-01-16,1,XLE,Energy,37.28288269042969,-0.0238268148975449,-0.0037313402367431525,-0.00042564493130521055,-0.023401169966239692,-0.0791541427040968
E1,2024-01-16,1,XLE,Energy,37.28288269042969,-0.0238268148975449,0.08976380790896399,0.00259777224231362,-0.02642458713985852,-0.10557872984395533
E1,2024-01-17,2,XLE,Energy,36.973388671875,-0.008301236283806301,-0.005616897183990499,-0.0004866194884796587,-0.007814616795326643,-0.11339334663928198
E1,2024-01-17,2,XLE,Energy,36.973388671875,-0.008301236283806301,0.06864160395890595,0.0019147289461228841,-0.010215965229929186,-0.12360931186921116
E1,2024-01-18,3,XLE,Energy,36.9133415222168,-0.0016240640042788357,0.008805260963896,-2.0240200465568498e-05,-0.0016038238038132671,-0.12521313567302442
E1,2024-01-18,3,XLE,Energy,36.9133415222168,-0.0016240640042788357,-0.04462473624843866,-0.0017480429192379444,0.00012397891495910876,-0.1250891567580653
E1,2024-01-19,4,XLE,Energy,37.0334358215332,0.0032534117574840593,0.012313502764936146,9.320823745702817e-05,0.0031602035200270313,-0.12192895323803828
E1,2024-01-19,4,XLE,Energy,37.0334358215332,0.0032534117574840593,-0.058740263056175857,-0.002204506457845099,0.005457918215329158,-0.11647103502270911
E1,2024-01-22,5,XLE,Energy,37.17202758789063,0.003742341570069696,0.0021943252026270788,-0.00023402259570988332,0.00397636416577958,-0.11249467085692953
E1,2024-01-22,5,XLE,Energy,37.17202758789063,0.003742341570069696,-0.00827072246421412,-0.0005724380693059869,0.004314779639375683,-0.10817989121755385
E1,2024-01-23,6,XLE,Energy,37.25054931640625,0.002112387556206352,0.002921374261968035,-0.00021051150817570316,0.002322899064382055,-0.10585699215317179
E1,2024-01-23,6,XLE,Energy,37.25054931640625,0.002112387556206352,-0.04852156254805884,-0.0018740572824487494,0.0039864448386551015,-0.1018705473145167
E1,2024-01-24,7,XLE,Energy,37.78178024291992,0.014261022622818142,0.0008119284117831249,-0.0002787261154227945,0.014539748738240937,-0.08733079857627576
E1,2024-01-24,7,XLE,Energy,37.78178024291992,0.014261022622818142,0.04701196363514493,0.0012152763294786257,0.013045746293339516,-0.07428505228293625
E1,2024-01-25,8,XLE,Energy,38.63173675537109,0.022496465412331634,0.005260365527706368,-0.00013487393230110498,0.02263133934463274,-0.05165371293830351
E1,2024-01-25,8,XLE,Energy,38.63173675537109,0.022496465412331634,0.02359204397585213,0.00045793021358897144,0.022038535198742663,-0.029615177739560846
E1,2024-01-26,9,XLE,Energy,38.91814804077149,0.007413885821754729,-0.0006517852510764532,-0.0003260592349837518,0.007739945056738481,-0.021875232682822366
E1,2024-01-26,9,XLE,Energy,38.91814804077149,0.007413885821754729,-0.014126363054103419,-0.0007617959629842772,0.008175681784739005,-0.01369955089808336
E1,2024-01-29,10,XLE,Energy,38.86271286010742,-0.0014244043834252818,0.007556774896180896,-6.061335664551303e-05,-0.0013637910267797688,-0.01506334192486313
E1,2024-01-29,10,XLE,Energy,38.86271286010742,-0.0014244043834252818,0.02564103670581641,0.0005241899065383814,-0.001948594289963663,-0.017011936214826794
E1,2023-12-28,-10,XOM,Energy,91.6172866821289,-0.014459995612512877,0.0003701746080437829,-0.0017734213053182916,-0.012686574307194585,-0.012686574307194585
E1,2023-12-28,-10,XOM,Energy,91.6172866821289,-0.014459995612512877,0.0032180177691849554,-0.001583659755227935,-0.012876335857284942,-0.02556291016447953
E1,2023-12-29,-9,XOM,Energy,91.4252471923828,-0.0020961054043480143,-0.0028264750133749628,-0.0019864250253030322,-0.00010968037904498205,-0.025672590543524512
E1,2023-12-29,-9,XOM,Energy,91.4252471923828,-0.0020961054043480143,-0.001603885913022296,-0.001904959723431025,-0.00019114568091698923,-0.025863736224441502
E1,2024-01-02,-8,XOM,Energy,93.60161590576172,0.023804898320912038,-0.005660579005492328,-0.0021752710874737994,0.025980169408385836,0.00011643318394433458
E1,2024-01-02,-8,XOM,Energy,93.60161590576172,0.023804898320912038,0.06024096477831753,0.0022159746357464706,0.021588923685165566,0.0217053568691099
E1,2024-01-03,-7,XOM,Energy,94.38801574707033,0.008401562662126993,-0.008016314922730805,-0.002332241845329569,0.010733804507456562,0.03243916137656647
E1,2024-01-03,-7,XOM,Energy,94.38801574707033,0.008401562662126993,0.06363637611557316,0.0024422225300630277,0.005959340132063966,0.03839850150863043
E1,2024-01-04,-6,XOM,Energy,93.56502532958984,-0.008719225750924098,-0.0034283812973570083,-0.0020265321038865983,-0.0066926936470374995,0.03170580786159293
E1,2024-01-04,-6,XOM,Energy,93.56502532958984,-0.008719225750924098,0.006410267295756666,-0.0013709492286430665,-0.007348276522281032,0.0243575313393119
E1,2024-01-05,-5,XOM,Energy,93.8484878540039,0.003029577808754347,0.0018256861788026324,-0.0016764355809601526,0.0047060133897145,0.0290635447290264
E1,2024-01-05,-5,XOM,Energy,93.8484878540039,0.003029577808754347,-0.055201679168708995,-0.0054763643809634934,0.008505942189717841,0.03756948691874424
E1,2024-01-08,-4,XOM,Energy,92.2848129272461,-0.016661695489333384,0.014114629309846638,-0.000857581182888351,-0.015804114306445034,0.021765372612299206
E1,2024-01-08,-4,XOM,Energy,92.2848129272461,-0.016661695489333384,-0.020224752812624813,-0.003145731903272155,-0.013515963586061228,0.008249409026237978
E1,2024-01-09,-3,XOM,Energy,91.14176940917967,-0.012386041449393814,-0.0014779006799081618,-0.0018965648955660479,-0.010489476553827766,-0.002240067527589788
E1,2024-01-09,-3,XOM,Energy,91.14176940917967,-0.012386041449393814,-0.024464808615499822,-0.0034282613531386144,-0.0089577800962552,-0.011197847623844988
E1,2024-01-10,-2,XOM,Energy,90.2456283569336,-0.00983238594176139,0.00566597189372442,-0.0014205441821650744,-0.008411841759596316,-0.019609689383441306
E1,2024-01-10,-2,XOM,Energy,90.2456283569336,-0.00983238594176139,-0.00548594414129322,-0.0021636345679553006,-0.00766875137380609,-0.027278440757247398
E1,2024-01-11,-1,XOM,Energy,90.22733306884766,-0.00020272769350748732,-0.0006710555783868699,-0.00184280204119378,0.0016400743476862928,-0.025638366409561106
E1,2024-01-11,-1,XOM,Energy,90.22733306884766,-0.00020272769350748732,-0.019700552266877946,-0.003110802624344001,0.002908074930836514,-0.022730291478724594
E1,2024-01-12,0,XOM,Energy,91.39781188964844,0.01297255256239982,0.0007509755941104146,-0.0017480472305174222,0.014720599792917241,-0.008009691685807353
E1,2024-01-12,0,XOM,Energy,91.39781188964844,0.01297255256239982,0.020900340647264315,-0.000405425980163599,0.013377978542563418,0.005368286856756065
E1,2024-01-16,1,XOM,Energy,89.33119201660156,-0.02261126202388808,-0.0037313402367431525,-0.002046719296333182,-0.020564542727554896,-0.015196255870798831
E1,2024-01-16,1,XOM,Energy,89.33119201660156,-0.02261126202388808,0.08976380790896399,0.004183182855633476,-0.026794444879521553,-0.04199070075032038
E1,2024-01-17,2,XOM,Energy,88.68193054199219,-0.007268026542047168,-0.005616897183990499,-0.0021723604179987163,-0.005095666124048452,-0.04708636687436883
E1,2024-01-17,2,XOM,Energy,88.68193054199219,-0.007268026542047168,0.06864160395890595,0.0027757380154191966,-0.010043764557466365,-0.05713013143183519
E1,2024-01-18,3,XOM,Energy,88.5173568725586,-0.001855774546491884,0.008805260963896,-0.0012113625922987416,-0.0006444119541931424,-0.05777454338602834
E1,2024-01-18,3,XOM,Energy,88.5173568725586,-0.001855774546491884,-0.04462473624843866,-0.004771586424384083,0.002915811877892199,-0.05485873150813614
E1,2024-01-19,4,XOM,Energy,88.65451049804688,0.001549454596636357,0.012313502764936146,-0.0009775964174822903,0.0025270510141186474,-0.05233168049401749
E1,2024-01-19,4,XOM,Energy,88.65451049804688,0.001549454596636357,-0.058740263056175857,-0.005712152352988399,0.007261606949624756,-0.045070073544392734
E1,2024-01-22,5,XOM,Energy,88.53563690185547,-0.0013408634882037251,0.0021943252026270788,-0.0016518718993855355,0.0003110084111818104,-0.04475906513321092
E1,2024-01-22,5,XOM,Energy,88.53563690185547,-0.0013408634882037251,-0.00827072246421412,-0.0023491938917362277,0.0010083304035325025,-0.04375073472967842
E1,2024-01-23,6,XOM,Energy,89.53236389160156,0.01125791855827507,0.002921374261968035,-0.001603426128784534,0.012861344687059604,-0.030889390042618817
E1,2024-01-23,6,XOM,Energy,89.53236389160156,0.01125791855827507,-0.04852156254805884,-0.005031245316116197,0.016289163874391267,-0.01460022616822755
E1,2024-01-24,7,XOM,Energy,91.0777587890625,0.017260740477398562,0.0008119284117831249,-0.001743985735375494,0.019004726212774055,0.004404500044546504
E1,2024-01-24,7,XOM,Energy,91.0777587890625,0.017260740477398562,0.04701196363514493,0.0013344809505150138,0.01592625952688355,0.020330759571430053
E1,2024-01-25,8,XOM,Energy,93.39128875732422,0.025401700689845486,0.005260365527706368,-0.0014475711244462848,0.02684927181429177,0.04718003138572183
E1,2024-01-25,8,XOM,Energy,93.39128875732422,0.025401700689845486,0.02359204397585213,-0.00022606856224613252,0.025627769252091617,0.07280780063781345
E1,2024-01-26,9,XOM,Energy,94.18683624267578,0.008518433527764824,-0.0006517852510764532,-0.0018415179932409049,0.010359951521005729,0.08316775215881918
E1,2024-01-26,9,XOM,Energy,94.18683624267578,0.008518433527764824,-0.014126363054103419,-0.0027393752929704657,0.01125780882073529,0.09442556097955447
E1,2024-01-29,10,XOM,Energy,94.30571746826172,0.0012621851452747634,0.007556774896180896,-0.001294553497861426,0.0025567386431361895,0.09698229962269066
E1,2024-01-29,10,XOM,Energy,94.30571746826172,0.0012621851452747634,0.02564103670581641,-8.953715424328177e-05,0.0013517222995180452,0.0983340219222087
E2,2024-04-01,-10,BNO,Controls,32.189998626708984,0.008774640571475256,-0.0020135845401164643,0.0023826993524176995,0.006391941219057557,0.006391941219057557
E2,2024-04-01,-10,BNO,Controls,32.189998626708984,0.008774640571475256,0.04919288073705452,0.0017290326096959607,0.007045607961779296,0.013437549180836852
E2,2024-04-02,-9,BNO,Controls,32.689998626708984,0.015532774816123585,-0.0072390590731691296,0.002449404189369582,0.013083370626754003,0.026520919807590856
E2,2024-04-02,-9,BNO,Controls,32.689998626708984,0.015532774816123585,0.07032967508978882,0.001459214737258459,0.014073560078865125,0.04059447988645598
E2,2024-04-03,-8,BNO,Controls,32.849998474121094,0.0048944586764645415,0.001091122364688113,0.002343066785737217,0.0025513918907273244,0.043145871777183306
E2,2024-04-03,-8,BNO,Controls,32.849998474121094,0.0048944586764645415,-0.019164937683158745,0.0026016418059066917,0.00229281687055785,0.04543868864774116
E2,2024-04-04,-7,BNO,Controls,33.36000061035156,0.015525179906240805,-0.012334336350379616,0.0025144470171263953,0.01301073288911441,0.05844942153685557
E2,2024-04-04,-7,BNO,Controls,33.36000061035156,0.015525179906240805,0.14096304734949738,0.0005575573757799336,0.014967622530460871,0.07341704406731644
E2,2024-04-05,-6,BNO,Controls,33.43000030517578,0.0020983121565800733,0.011099194174331695,0.002215310580240027,-0.00011699842365995358,0.0733000456436565
E2,2024-04-05,-6,BNO,Controls,33.43000030517578,0.0020983121565800733,-0.019571846321599473,0.002606836123515517,-0.0005085239669354435,0.07279152167672105
E2,2024-04-08,-5,BNO,Controls,33.279998779296875,-0.004487033338605229,-0.00037463099831791524,0.002361777591516204,-0.0068488109301214324,0.06594271074659962
E2,2024-04-08,-5,BNO,Controls,33.279998779296875,-0.004487033338605229,-0.05240181349224815,0.0030259210493728543,-0.0075129543879780825,0.058429756358621535
E2,2024-04-09,-4,BNO,Controls,32.90999984741211,-0.011117756774526644,0.0014454931932483817,0.002338543129906517,-0.013456299904433162,0.044973456454188376
E2,2024-04-09,-4,BNO,Controls,32.90999984741211,-0.011117756774526644,-0.013824887685854326,0.0025334743768757055,-0.013651231151402349,0.03132222530278603
E2,2024-04-10,-3,BNO,Controls,33.310001373291016,0.012154406798344564,-0.009456980649108493,0.0024777166605450315,0.009676690137799532,0.04099891544058556
E2,2024-04-10,-3,BNO,Controls,33.310001373291016,0.012154406798344564,0.05473969783420429,0.0016582257331669613,0.010496181065177603,0.05149509650576316
E2,2024-04-11,-2,BNO,Controls,33.16999816894531,-0.004203038083870014,0.007444797710585593,0.002261960108188126,-0.00646499819205814,0.04503009831370502
E2,2024-04-11,-2,BNO,Controls,33.16999816894531,-0.004203038083870014,-0.05632913497334324,0.0030760545515834247,-0.007279092635453439,0.03775100567825158
E2,2024-04-12,-1,BNO,Controls,33.220001220703125,0.0015074782791102415,-0.01455068829580164,0.0025427394514713,-0.0010352611723610586,0.03671574450589052
E2,2024-04-12,-1,BNO,Controls,33.220001220703125,0.0015074782791102415,0.16096577083110009,0.00030221627709230234,0.0012052620020179391,0.03792100650790846
E2,2024-04-15,0,BNO,Controls,33.22999954223633,0.0003009729429803709,-0.01202135494776202,0.002510451710422952,-0.0022094787674425812,0.035711527740465876
E2,2024-04-15,0,BNO,Controls,33.22999954223633,0.0003009729429803709,0.11091855202373435,0.0009410848715757738,-0.0006401119285954029,0.035071415811870475
E2,2024-04-16,1,BNO,Controls,33.11000061035156,-0.003611162610226426,-0.0020565070133361507,0.002383247271378854,-0.00599440988160528,0.029077005930265194
E2,2024-04-16,1,BNO,Controls,33.11000061035156,-0.003611162610226426,-0.043161723529065,0.0029079683753111575,-0.0065191309855375836,0.02255787494472761
E2,2024-04-17,2,BNO,Controls,32.15999984741211,-0.028692260508217715,-0.005780602724641426,0.0024307865322908584,-0.031123047040508573,-0.008565172095780962
E2,2024-04-17,2,BNO,Controls,32.15999984741211,-0.028692260508217715,-0.010326116195473967,0.0024888114509880204,-0.031181071959205737,-0.039746244054986696
E2,2024-04-18,3,BNO,Controls,32.040000915527344,-0.003731310088747497,-0.002208160119998248,0.0023851831713031877,-0.006116493260050685,-0.04586273731503738
E2,2024-04-18,3,BNO,Controls,32.040000915527344,-0.003731310088747497,-0.011532075509642303,0.00250420590347523,-0.006235515992222727,-0.0520982533072601
E2,2024-04-19,4,BNO,Controls,32.06999969482422,0.0009362914619124307,-0.00875854812743615,0.0024688009482618013,-0.0015325094863493705,-0.053630762793609475
E2,2024-04-19,4,BNO,Controls,32.06999969482422,0.0009362914619124307,0.039444393581814285,0.0018534751348876282,-0.0009171836729751975,-0.054547946466584674
E2,2024-04-22,5,BNO,Controls,32.0,-0.002182715793275003,0.008731248071466746,0.002245538162003817,-0.00442825395527882,-0.058976200421863495
E2,2024-04-22,5,BNO,Controls,32.0,-0.002182715793275003,-0.09460174436266822,0.0035646165286612463,-0.005747332321936249,-0.06472353274379974
E2,2024-04-23,6,BNO,Controls,32.43000030517578,0.013437509536743164,0.011964576270872662,0.0022042637037724996,0.011233245832970664,-0.05349028691082908
E2,2024-04-23,6,BNO,Controls,32.43000030517578,0.013437509536743164,-0.07378990048797274,0.0032989467519646985,0.010138562784778465,-0.04335172412605061
E2,2024-04-24,7,BNO,Controls,32.36000061035156,-0.0021584857898705456,0.0002130100613548791,0.002354276167325202,-0.004512761957195748,-0.04786448608324636
E2,2024-04-24,7,BNO,Controls,32.36000061035156,-0.0021584857898705456,0.017845805872141796,0.0021291879457436755,-0.004287673735614221,-0.05215215981886058
E2,2024-04-25,8,BNO,Controls,32.68000030517578,0.009888741927954525,-0.004576430353515626,0.002415414890697385,0.00747332703725714,-0.044678832781603436
E2,2024-04-25,8,BNO,Controls,32.68000030517578,0.009888741927954525,-0.03757046784203688,0.0028365942261118085,0.007052147701842717,-0.03762668507976072
E2,2024-04-26,9,BNO,Controls,32.72999954223633,0.0015299644000501544,0.01020914263474304,0.0022266723699591227,-0.0006967079699089682,-0.03832339304966969
E2,2024-04-26,9,BNO,Controls,32.72999954223633,0.0015299644000501544,-0.022121025056567434,0.002639377197211633,-0.0011094127971614785,-0.03943280584683117
E2,2024-04-29,10,BNO,Controls,32.43000030517578,-0.009165879659528087,0.0031784486665891176,0.0023164214045851353,-0.011482301064113222,-0.05091510691094439
E2,2024-04-29,10,BNO,Controls,32.43000030517578,-0.009165879659528087,-0.023952073391426576,0.0026627511089693545,-0.01182863076849744,-0.06274373767944183
E2,2024-04-01,-10,DAL,Airlines,46.88410568237305,0.007311424576264214,-0.0020135845401164643,0.004199286736349153,0.003112137839915061,0.003112137839915061
E2,2024-04-01,-10,DAL,Airlines,46.88410568237305,0.007311424576264214,0.04919288073705452,-0.00235493654554768,0.009666361121811894,0.012778498961726954
E2,2024-04-02,-9,DAL,Airlines,45.600677490234375,-0.02737448381405727,-0.0072390590731691296,0.004868126631040375,-0.032242610445097644,-0.01946411148337069
E2,2024-04-02,-9,DAL,Airlines,45.600677490234375,-0.02737448381405727,0.07032967508978882,-0.005060361903488152,-0.02231412191056912,-0.04177823339393981
E2,2024-04-03,-8,DAL,Airlines,45.27981185913086,-0.00703642245605296,0.001091122364688113,0.003801896637876411,-0.01083831909392937,-0.05261655248786918
E2,2024-04-03,-8,DAL,Airlines,45.27981185913086,-0.00703642245605296,-0.019164937683158745,0.006394591518229475,-0.013431013974282435,-0.06604756646215161
E2,2024-04-04,-7,DAL,Airlines,44.60893249511719,-0.01481630193386918,-0.012334336350379616,0.005520301796368598,-0.020336603730237778,-0.08638417019238939
E2,2024-04-04,-7,DAL,Airlines,44.60893249511719,-0.01481630193386918,0.14096304734949738,-0.014101151781048009,-0.0007151501528211719,-0.08709932034521056
E2,2024-04-05,-6,DAL,Airlines,44.7839469909668,0.003923306074826272,0.011099194174331695,0.002520903370588635,0.0014024027042376366,-0.08569691764097292
E2,2024-04-05,-6,DAL,Airlines,44.7839469909668,0.003923306074826272,-0.019571846321599473,0.006446674200703989,-0.0025233681258777178,-0.08822028576685065
E2,2024-04-08,-5,DAL,Airlines,45.70762634277344,0.02062523323352794,-0.00037463099831791524,0.003989507221136405,0.016635726012391536,-0.07158455975445911
E2,2024-04-08,-5,DAL,Airlines,45.70762634277344,0.02062523323352794,-0.05240181349224815,0.010648779032761284,0.009976454200766656,-0.061608105553692456
E2,2024-04-09,-4,DAL,Airlines,46.009037017822266,0.00659431913590236,0.0014454931932483817,0.0037565385854819947,0.0028377805504203654,-0.05877032500327209
E2,2024-04-09,-4,DAL,Airlines,46.009037017822266,0.00659431913590236,-0.013824887685854326,0.005711086421180148,0.0008832327147222123,-0.05788709228854988
E2,2024-04-10,-3,DAL,Airlines,44.958961486816406,-0.022823245150710214,-0.009456980649108493,0.005152011744995388,-0.027975256895705604,-0.08586234918425548
E2,2024-04-10,-3,DAL,Airlines,44.958961486816406,-0.022823245150710214,0.05473969783420429,-0.0030649070065388697,-0.019758338144171345,-0.10562068732842682
E2,2024-04-11,-2,DAL,Airlines,46.31045150756836,0.030060525778564884,0.007444797710585593,0.0029886515397762547,0.02707187423878863,-0.07854881308963818
E2,2024-04-11,-2,DAL,Airlines,46.31045150756836,0.030060525778564884,-0.05632913497334324,0.0111514605154131,0.018909065263151784,-0.0596397478264864
E2,2024-04-12,-1,DAL,Airlines,45.5617790222168,-0.016166382770619436,-0.01455068829580164,0.005803986003878984,-0.02197036877449842,-0.08161011660098483
E2,2024-04-12,-1,DAL,Airlines,45.5617790222168,-0.016166382770619436,0.16096577083110009,-0.01666142059153576,0.0004950378209163248,-0.0811150787800685
E2,2024-04-15,0,DAL,Airlines,45.35759735107422,-0.004481424464198747,-0.01202135494776202,0.0054802414253835394,-0.009961665889582286,-0.0910767446696508
E2,2024-04-15,0,DAL,Airlines,45.35759735107422,-0.004481424464198747,0.11091855202373435,-0.010255576233291009,0.005774151769092262,-0.08530259290055853
E2,2024-04-16,1,DAL,Airlines,45.26036834716797,-0.002143610102485871,-0.0020565070133361507,0.004204780641694314,-0.006348390744180185,-0.09165098364473871
E2,2024-04-16,1,DAL,Airlines,45.26036834716797,-0.002143610102485871,-0.043161723529065,0.009466084378176016,-0.011609694480661887,-0.1032606781254006
E2,2024-04-17,2,DAL,Airlines,46.55352783203125,0.02857156342485223,-0.005780602724641426,0.004681450036524249,0.023890113388327982,-0.07937056473707262
E2,2024-04-17,2,DAL,Airlines,46.55352783203125,0.02857156342485223,-0.010326116195473967,0.005263257627761921,0.023308305797090312,-0.056062258939982304
E2,2024-04-18,3,DAL,Airlines,46.52434921264648,-0.0006267756869050567,-0.002208160119998248,0.004224191634370269,-0.004850967321275326,-0.06091322626125763
E2,2024-04-18,3,DAL,Airlines,46.52434921264648,-0.0006267756869050567,-0.011532075509642303,0.005417615609144914,-0.006044391296049971,-0.0669576175573076
E2,2024-04-19,4,DAL,Airlines,46.25211715698242,-0.005851388794710033,-0.00875854812743615,0.00506261516841857,-0.010914003963128603,-0.0778716215204362
E2,2024-04-19,4,DAL,Airlines,46.25211715698242,-0.005851388794710033,0.039444393581814285,-0.0011071690784846275,-0.004744219716225405,-0.0826158412366616
E2,2024-04-22,5,DAL,Airlines,47.66193389892578,0.030481128834780824,0.008731248071466746,0.002823991025510083,0.027657137809270742,-0.054958703427390856
E2,2024-04-22,5,DAL,Airlines,47.66193389892578,0.030481128834780824,-0.09460174436266822,0.01605020183959293,0.014430926995187894,-0.04052777643220296
E2,2024-04-23,6,DAL,Airlines,47.86612319946289,0.004284116984638597,0.011964576270872662,0.0024101379144263217,0.0018739790702122757,-0.038653797361990684
E2,2024-04-23,6,DAL,Airlines,47.86612319946289,0.004284116984638597,-0.07378990048797274,0.013386368846544221,-0.009102251861905624,-0.047756049223896306
E2,2024-04-24,7,DAL,Airlines,46.611854553222656,-0.026203681484994523,0.0002130100613548791,0.0039142915097246074,-0.03011797299471913,-0.07787402221861543
E2,2024-04-24,7,DAL,Airlines,46.611854553222656,-0.026203681484994523,0.017845805872141796,0.0016573639869511114,-0.027861045471945636,-0.10573506769056107
E2,2024-04-25,8,DAL,Airlines,48.49811172485352,0.04046732724348234,-0.004576430353515626,0.004527320776722202,0.03594000646676014,-0.06979506122380093
E2,2024-04-25,8,DAL,Airlines,48.49811172485352,0.04046732724348234,-0.03757046784203688,0.008750425954955472,0.031716901288526875,-0.03807815993527405
E2,2024-04-26,9,DAL,Airlines,48.5369987487793,0.0008018255256285745,0.01020914263474304,0.002634826417049349,-0.0018330008914207744,-0.039911160826694825
E2,2024-04-26,9,DAL,Airlines,48.5369987487793,0.0008018255256285745,-0.022121025056567434,0.006772958909558754,-0.005971133383930179,-0.04588229421062501
E2,2024-04-29,10,DAL,Airlines,49.05232620239258,0.010617208869475814,0.0031784486665891176,0.0035347271980257287,0.007082481671450085,-0.03879981253917492
E2,2024-04-29,10,DAL,Airlines,49.05232620239258,0.010617208869475814,-0.023952073391426576,0.007007325791975896,0.0036098830774999174,-0.035189929461675006
E2,2024-04-01,-10,GLD,Controls,207.82000732421875,0.010208079384865787,-0.0020135845401164643,0.0015322313204883349,0.008675848064377451,0.008675848064377451
E2,2024-04-01,-10,GLD,Controls,207.82000732421875,0.010208079384865787,0.04919288073705452,-9.38337795839718e-06,0.010217462762824184,0.018893310827201637
E2,2024-04-02,-9,GLD,Controls,210.88999938964844,0.014772360490971526,-0.0072390590731691296,0.001689548727634273,0.013082811763337253,0.03197612259053889
E2,2024-04-02,-9,GLD,Controls,210.88999938964844,0.014772360490971526,0.07032967508978882,-0.0006457247593805613,0.015418085250352088,0.047394207840890976
E2,2024-04-03,-8,GLD,Controls,212.7400054931641,0.008772374739768996,0.001091122364688113,0.001438761447633244,0.0073336132921357515,0.054727821133026724
E2,2024-04-03,-8,GLD,Controls,212.7400054931641,0.008772374739768996,-0.019164937683158745,0.0020485875649673387,0.006723787174801657,0.06145160830782838
E2,2024-04-04,-7,GLD,Controls,211.5200042724609,-0.005734705223284342,-0.012334336350379616,0.001842946434363139,-0.007577651657647481,0.053873956650180896
E2,2024-04-04,-7,GLD,Controls,211.5200042724609,-0.005734705223284342,0.14096304734949738,-0.002772203208674576,-0.002962502014609766,0.05091145463557113
E2,2024-04-05,-6,GLD,Controls,215.13999938964844,0.017114197447370305,0.011099194174331695,0.0011374598342267167,0.01597673761314359,0.06688819224871473
E2,2024-04-05,-6,GLD,Controls,215.13999938964844,0.017114197447370305,-0.019571846321599473,0.002060837899657494,0.015053359547712811,0.08194155179642754
E2,2024-04-08,-5,GLD,Controls,216.47999572753903,0.006228485366236658,-0.00037463099831791524,0.0014828892138533274,0.00474559615238333,0.08668714794881087
E2,2024-04-08,-5,GLD,Controls,216.47999572753903,0.006228485366236658,-0.05240181349224815,0.0030492123103075357,0.0031792730559291223,0.08986642100473999
E2,2024-04-09,-4,GLD,Controls,217.6699981689453,0.0054970549930351,0.0014454931932483817,0.0014280928089163902,0.00406896218411871,0.0939353831888587
E2,2024-04-09,-4,GLD,Controls,217.6699981689453,0.0054970549930351,-0.013824887685854326,0.001887820764882134,0.0036092342281529655,0.09754461741701168
E2,2024-04-10,-3,GLD,Controls,215.6100006103516,-0.00946385618561385,-0.009456980649108493,0.0017563211651177603,-0.01122017735073161,0.08632444006628007
E2,2024-04-10,-3,GLD,Controls,215.6100006103516,-0.00946385618561385,0.05473969783420429,-0.00017637507949992042,-0.00928748110611393,0.07703695896016613
E2,2024-04-11,-2,GLD,Controls,219.8000030517578,0.01943324720349282,0.007444797710585593,0.0012474785842413634,0.018185768619251457,0.09522272757941759
E2,2024-04-11,-2,GLD,Controls,219.8000030517578,0.01943324720349282,-0.05632913497334324,0.0031674477028113992,0.01626579950068142,0.11148852708009901
E2,2024-04-12,-1,GLD,Controls,216.88999938964844,-0.013239324939518515,-0.01455068829580164,0.0019096716167692925,-0.015148996556287807,0.09633953052381121
E2,2024-04-12,-1,GLD,Controls,216.88999938964844,-0.013239324939518515,0.16096577083110009,-0.003374402410695105,-0.00986492252882341,0.0864746079949878
E2,2024-04-15,0,GLD,Controls,220.9499969482422,0.01871915519396472,-0.01202135494776202,0.001833523859928366,0.016885631334036356,0.10336023932902415
E2,2024-04-15,0,GLD,Controls,220.9499969482422,0.01871915519396472,0.11091855202373435,-0.0018676878247107544,0.020586843018675475,0.12394708234769962
E2,2024-04-16,1,GLD,Controls,221.22000122070312,0.0012220152803359419,-0.0020565070133361507,0.0015335235384778209,-0.000311508258141879,0.12363557408955773
E2,2024-04-16,1,GLD,Controls,221.22000122070312,0.0012220152803359419,-0.043161723529065,0.0027710314512087945,-0.0015490161708728526,0.12208655791868488
E2,2024-04-17,2,GLD,Controls,219.58999633789065,-0.007368252752093074,-0.005780602724641426,0.0016456406443138719,-0.009013893396406946,0.11307266452227793
E2,2024-04-17,2,GLD,Controls,219.58999633789065,-0.007368252752093074,-0.010326116195473967,0.0017824872386002213,-0.009150739990693296,0.10392192453158464
E2,2024-04-18,3,GLD,Controls,220.33999633789065,0.0034154561341945833,-0.002208160119998248,0.0015380891857457964,0.0018773669484487868,0.10579929148003342
E2,2024-04-18,3,GLD,Controls,220.33999633789065,0.0034154561341945833,-0.011532075509642303,0.0018187936814368349,0.0015966624527577484,0.10739595393279117
E2,2024-04-19,4,GLD,Controls,221.02999877929688,0.003131535140574737,-0.00875854812743615,0.0017352942530773521,0.001396240887497385,0.10879219482028855
E2,2024-04-19,4,GLD,Controls,221.02999877929688,0.003131535140574737,0.039444393581814285,0.00028410321606428253,0.0028474319245104544,0.111639626744799
E2,2024-04-22,5,GLD,Controls,215.57000732421875,-0.02470249054532203,0.008731248071466746,0.001208748889183879,-0.02591123943450591,0.0857283873102931
E2,2024-04-22,5,GLD,Controls,215.57000732421875,-0.02470249054532203,-0.09460174436266822,0.004319677540647873,-0.029022168085969906,0.056706219224323194
E2,2024-04-23,6,GLD,Controls,215.0399932861328,-0.002458663172418052,0.011964576270872662,0.0011114067615809278,-0.0035700699339989797,0.05313614929032422
E2,2024-04-23,6,GLD,Controls,215.0399932861328,-0.002458663172418052,-0.07378990048797274,0.0036931190729749866,-0.006151782245393039,0.046984367044931176
E2,2024-04-24,7,GLD,Controls,214.63999938964844,-0.0018600907225296837,0.0002130100613548791,0.0014651977741083882,-0.003325288496638072,0.0436590785482931
E2,2024-04-24,7,GLD,Controls,214.63999938964844,-0.0018600907225296837,0.017845805872141796,0.0009343472838532473,-0.002794438006382931,0.04086464054191017
E2,2024-04-25,8,GLD,Controls,215.9199981689453,0.005963468053189924,-0.004576430353515626,0.0016093879989351524,0.004354080054254772,0.04521872059616494
E2,2024-04-25,8,GLD,Controls,215.9199981689453,0.005963468053189924,-0.03757046784203688,0.0026027018876812135,0.0033607661655087107,0.04857948676167365
E2,2024-04-26,9,GLD,Controls,216.6199951171875,0.003241927353549112,0.01020914263474304,0.0011642556016826036,0.002077671751866509,0.05065715851354016
E2,2024-04-26,9,GLD,Controls,216.6199951171875,0.003241927353549112,-0.022121025056567434,0.0021375831189481232,0.001104344234600989,0.051761502748141154
E2,2024-04-29,10,GLD,Controls,216.17999267578125,-0.002031218037689575,0.0031784486665891176,0.0013759206932471052,-0.00340713873093668,0.04835436401720447
E2,2024-04-29,10,GLD,Controls,216.17999267578125,-0.002031218037689575,-0.023952073391426576,0.002192708404618714,-0.004223926442308289,0.04413043757489618
E2,2024-04-01,-10,ITA,Defense,128.87905883789062,-0.00788270060373586,-0.0020135845401164643,0.0012728601896045961,-0.009155560793340456,-0.009155560793340456
E2,2024-04-01,-10,ITA,Defense,128.87905883789062,-0.00788270060373586,0.04919288073705452,-0.00105663845449365,-0.00682606214924221,-0.015981622942582666
E2,2024-04-02,-9,ITA,Defense,128.22914123535156,-0.005042848763789909,-0.0072390590731691296,0.0015105789185507821,-0.0065534276823406915,-0.022535050624923357
E2,2024-04-02,-9,ITA,Defense,128.22914123535156,-0.005042848763789909,0.07032967508978882,-0.0020181993339404387,-0.00302464942984947,-0.025559700054772826
E2,2024-04-03,-8,ITA,Defense,127.6679229736328,-0.004376682681580979,0.001091122364688113,0.0011316200066332264,-0.005508302688214206,-0.03106800274298703
E2,2024-04-03,-8,ITA,Defense,127.6679229736328,-0.004376682681580979,-0.019164937683158745,0.0020531142781245394,-0.006429796959705518,-0.03749779970269255
E2,2024-04-04,-7,ITA,Defense,128.17007446289062,0.003933262777068514,-0.012334336350379616,0.001742374678018251,0.0021908880990502626,-0.035306911603642285
E2,2024-04-04,-7,ITA,Defense,128.17007446289062,0.003933262777068514,0.14096304734949738,-0.005231472189554506,0.009164734966623019,-0.026142176637019267
E2,2024-04-05,-6,ITA,Defense,129.33193969726562,0.009065027380563695,0.011099194174331695,0.0006763300430630124,0.008388697337500682,-0.017753479299518586
E2,2024-04-05,-6,ITA,Defense,129.33193969726562,0.009065027380563695,-0.019571846321599473,0.002071625478153457,0.006993401902410238,-0.010760077397108348
E2,2024-04-08,-5,ITA,Defense,129.05625915527344,-0.0021315735512627,-0.00037463099831791524,0.0011983004629627758,-0.003329874014225476,-0.014089951411333825
E2,2024-04-08,-5,ITA,Defense,129.05625915527344,-0.0021315735512627,-0.05240181349224815,0.0035651354010871805,-0.00569670895234988,-0.019786660363683706
E2,2024-04-09,-4,ITA,Defense,127.68760681152344,-0.010605083028970452,0.0014454931932483817,0.0011154988711443616,-0.011720581900114813,-0.031507242263798516
E2,2024-04-09,-4,ITA,Defense,127.68760681152344,-0.010605083028970452,-0.013824887685854326,0.001810183250552063,-0.012415266279522516,-0.04392250854332103
E2,2024-04-10,-3,ITA,Defense,127.23468017578124,-0.003547146407174462,-0.009456980649108493,0.0016114772187146562,-0.005158623625889118,-0.04908113216921015
E2,2024-04-10,-3,ITA,Defense,127.23468017578124,-0.003547146407174462,0.05473969783420429,-0.001308975788010634,-0.002238170619163828,-0.05131930278837398
E2,2024-04-11,-2,ITA,Defense,127.17562103271484,-0.00046417488521843797,0.007444797710585593,0.0008425768550859704,-0.0013067517403044084,-0.05262605452867839
E2,2024-04-11,-2,ITA,Defense,127.17562103271484,-0.00046417488521843797,-0.05632913497334324,0.003743798193287907,-0.004207973078506345,-0.056834027607184735
E2,2024-04-12,-1,ITA,Defense,125.75772094726562,-0.01114915008030093,-0.01455068829580164,0.0018432015721176354,-0.012992351652418565,-0.0698263792596033
E2,2024-04-12,-1,ITA,Defense,125.75772094726562,-0.01114915008030093,0.16096577083110009,-0.00614144160408934,-0.005007708476211589,-0.07483408773581489
E2,2024-04-15,0,ITA,Defense,125.09803009033205,-0.0052457284687132955,-0.01202135494776202,0.0017281364417119716,-0.006973864910425267,-0.08180795264624016
E2,2024-04-15,0,ITA,Defense,125.09803009033205,-0.0052457284687132955,0.11091855202373435,-0.003864679720182799,-0.0013810487485304964,-0.08318900139477066
E2,2024-04-16,1,ITA,Defense,125.69864654541016,0.0048011663704410346,-0.0020565070133361507,0.0012748128305968105,0.0035263535398442243,-0.07966264785492644
E2,2024-04-16,1,ITA,Defense,125.69864654541016,0.0048011663704410346,-0.043161723529065,0.003144782679530022,0.0016563836909110124,-0.07800626416401543
E2,2024-04-17,2,ITA,Defense,125.55095672607422,-0.0011749515479674288,-0.005780602724641426,0.00144423042001682,-0.002619181967984249,-0.08062544613199968
E2,2024-04-17,2,ITA,Defense,125.55095672607422,-0.0011749515479674288,-0.010326116195473967,0.0016510161727478414,-0.00282596772071527,-0.08345141385271494
E2,2024-04-18,3,ITA,Defense,125.501708984375,-0.00039225301808465396,-0.002208160119998248,0.0012817118755597936,-0.0016739648936444475,-0.08512537874635939
E2,2024-04-18,3,ITA,Defense,125.501708984375,-0.00039225301808465396,-0.011532075509642303,0.0017058780065414198,-0.002098131024626074,-0.08722350977098546
E2,2024-04-19,4,ITA,Defense,126.03341674804688,0.0042366575560981445,-0.00875854812743615,0.0015797039337705928,0.0026569536223275516,-0.0845665561486579
E2,2024-04-19,4,ITA,Defense,126.03341674804688,0.0042366575560981445,0.039444393581814285,-0.0006131575876300367,0.004849815143728181,-0.07971674100492973
E2,2024-04-22,5,ITA,Defense,126.52574157714844,0.003906303913713272,0.008731248071466746,0.0007840533003912397,0.003122250613322032,-0.0765944903916077
E2,2024-04-22,5,ITA,Defense,126.52574157714844,0.003906303913713272,-0.09460174436266822,0.005484906297429633,-0.0015786023837163618,-0.07817309277532407
E2,2024-04-23,6,ITA,Defense,127.38238525390624,0.00677050903697296,0.011964576270872662,0.0006369618420046625,0.006133547194968298,-0.07203954558035577
E2,2024-04-23,6,ITA,Defense,127.38238525390624,0.00677050903697296,-0.07378990048797274,0.004538128154769951,0.0022323808822030094,-0.06980716469815276
E2,2024-04-24,7,ITA,Defense,126.53558349609376,-0.006647714722287312,0.0002130100613548791,0.0011715673337706985,-0.007819282056058011,-0.07762644675421078
E2,2024-04-24,7,ITA,Defense,126.53558349609376,-0.006647714722287312,0.017845805872141796,0.0003694113225999414,-0.007017126044887254,-0.08464357279909804
E2,2024-04-25,8,ITA,Defense,127.02790069580078,0.003890741134664477,-0.004576430353515626,0.0013894498783290751,0.002501291256335402,-0.08214228154276264
E2,2024-04-25,8,ITA,Defense,127.02790069580078,0.003890741134664477,-0.03757046784203688,0.002890423733423555,0.0010003174012409221,-0.08114196414152172
E2,2024-04-26,9,ITA,Defense,127.53993225097656,0.004030858987443819,0.01020914263474304,0.000716820513229749,0.0033140384742140704,-0.07782792566730765
E2,2024-04-26,9,ITA,Defense,127.53993225097656,0.004030858987443819,-0.022121025056567434,0.002187593420375772,0.0018432655670680472,-0.0759846601002396
E2,2024-04-29,10,ITA,Defense,129.11534118652344,0.012352279852609227,0.0031784486665891176,0.0010366627827016464,0.01131561706990758,-0.06466904303033202
E2,2024-04-29,10,ITA,Defense,129.11534118652344,0.012352279852609227,-0.023952073391426576,0.002270891976334376,0.010081387876274852,-0.05458765515405717
E2,2024-04-01,-10,JETS,Airlines,20.680612564086918,-0.007615459258734525,-0.0020135845401164643,0.002970604673237126,-0.01058606393197165,-0.01058606393197165
E2,2024-04-01,-10,JETS,Airlines,20.680612564086918,-0.007615459258734525,0.04919288073705452,-0.0015910298622031252,-0.006024429396531399,-0.016610493328503048
E2,2024-04-02,-9,JETS,Airlines,20.184675216674805,-0.02398078615298549,-0.0072390590731691296,0.0034361065383827273,-0.027416892691368218,-0.044027386019871266
E2,2024-04-02,-9,JETS,Airlines,20.184675216674805,-0.02398078615298549,0.07032967508978882,-0.003473962624033823,-0.020506823528951668,-0.06453420954882294
E2,2024-04-03,-8,JETS,Airlines,20.0755672454834,-0.005405485598364734,0.001091122364688113,0.0026940275230136687,-0.008099513121378403,-0.07263372267020135
E2,2024-04-03,-8,JETS,Airlines,20.0755672454834,-0.005405485598364734,-0.019164937683158745,0.004498501676151595,-0.00990398727451633,-0.08253770994471768
E2,2024-04-04,-7,JETS,Airlines,19.80776023864746,-0.013339947188600099,-0.012334336350379616,0.0038900100185303697,-0.01722995720713047,-0.09976766715184815
E2,2024-04-04,-7,JETS,Airlines,19.80776023864746,-0.013339947188600099,0.14096304734949738,-0.009766207724539514,-0.0035737394640605845,-0.10334140661590874
E2,2024-04-05,-6,JETS,Airlines,19.95654296875,0.007511335371085837,0.011099194174331695,0.0018024767051057315,0.005708858665980105,-0.09763254794992864
E2,2024-04-05,-6,JETS,Airlines,19.95654296875,0.007511335371085837,-0.019571846321599473,0.004534750389821502,0.0029765849812643345,-0.0946559629686643
E2,2024-04-08,-5,JETS,Airlines,20.16483688354492,0.010437374605465788,-0.00037463099831791524,0.002824601487159303,0.007612773118306485,-0.08704318985035782
E2,2024-04-08,-5,JETS,Airlines,20.16483688354492,0.010437374605465788,-0.05240181349224815,0.007459348118494767,0.0029780264869710207,-0.08406516336338679
E2,2024-04-09,-4,JETS,Airlines,20.26402473449707,0.004918852134781826,0.0014454931932483817,0.0026624590442842107,0.0022563930904976152,-0.08180877027288917
E2,2024-04-09,-4,JETS,Airlines,20.26402473449707,0.004918852134781826,-0.013824887685854326,0.0040227930648106475,0.0008960590699711784,-0.080912711202918
E2,2024-04-10,-3,JETS,Airlines,19.74824905395508,-0.025452775907045866,-0.009456980649108493,0.003633686035482161,-0.02908646194252803,-0.10999917314544602
E2,2024-04-10,-3,JETS,Airlines,19.74824905395508,-0.025452775907045866,0.05473969783420429,-0.002085157943396992,-0.023367617963648873,-0.13336679110909488
E2,2024-04-11,-2,JETS,Airlines,19.97637939453125,0.011551927462170708,0.007444797710585593,0.0021280219468048658,0.009423905515365842,-0.12394288559372904
E2,2024-04-11,-2,JETS,Airlines,19.97637939453125,0.011551927462170708,-0.05632913497334324,0.0078092063874256375,0.0037427210747450704,-0.12020016451898397
E2,2024-04-12,-1,JETS,Airlines,19.381256103515625,-0.02979134903587921,-0.01455068829580164,0.004087449687958883,-0.033878798723838095,-0.15407896324282205
E2,2024-04-12,-1,JETS,Airlines,19.381256103515625,-0.02979134903587921,0.16096577083110009,-0.011548113851874176,-0.018243235184005037,-0.17232219842682708
E2,2024-04-15,0,JETS,Airlines,19.222553253173828,-0.008188470834612716,-0.01202135494776202,0.003862128641297963,-0.012050599475910678,-0.18437279790273775
E2,2024-04-15,0,JETS,Airlines,19.222553253173828,-0.008188470834612716,0.11091855202373435,-0.007089748673206112,-0.0010987221614066033,-0.18547152006414436
E2,2024-04-16,1,JETS,Airlines,19.21263694763184,-0.0005158682830207484,-0.0020565070133361507,0.002974428343453877,-0.0034902966264746256,-0.18896181669061898
E2,2024-04-16,1,JETS,Airlines,19.21263694763184,-0.0005158682830207484,-0.043161723529065,0.006636211562232163,-0.0071520798452529115,-0.19611389653587188
E2,2024-04-17,2,JETS,Airlines,19.966461181640625,0.039235854821151994,-0.005780602724641426,0.003306182615458836,0.03592967220569316,-0.16018422433017873
E2,2024-04-17,2,JETS,Airlines,19.966461181640625,0.039235854821151994,-0.010326116195473967,0.0037111113899333894,0.03552474343121861,-0.12465948089896012
E2,2024-04-18,3,JETS,Airlines,20.244186401367188,0.013909586541150931,-0.002208160119998248,0.0029879380837769423,0.010921648457373988,-0.11373783244158613
E2,2024-04-18,3,JETS,Airlines,20.244186401367188,0.013909586541150931,-0.011532075509642303,0.003818542075220285,0.010091044465930645,-0.10364678797565548
E2,2024-04-19,4,JETS,Airlines,20.293779373168945,0.0024497389432458494,-0.00875854812743615,0.003571467448546117,-0.0011217285053002676,-0.10476851648095574
E2,2024-04-19,4,JETS,Airlines,20.293779373168945,0.0024497389432458494,0.039444393581814285,-0.0007226036696327729,0.0031723426128786223,-0.10159617386807712
E2,2024-04-22,5,JETS,Airlines,20.809555053710938,0.025415457173241673,0.008731248071466746,0.0020134208634736703,0.023402036309768004,-0.07819413755830912
E2,2024-04-22,5,JETS,Airlines,20.809555053710938,0.025415457173241673,-0.09460174436266822,0.011218651968306103,0.01419680520493557,-0.06399733235337354
E2,2024-04-23,6,JETS,Airlines,20.66077423095703,-0.007149639786621642,0.011964576270872662,0.0017253857198841276,-0.00887502550650577,-0.0728723578598793
E2,2024-04-23,6,JETS,Airlines,20.66077423095703,-0.007149639786621642,-0.07378990048797274,0.0093646668269547,-0.016514306613576342,-0.08938666447345564
E2,2024-04-24,7,JETS,Airlines,20.26402473449707,-0.01920303140748192,0.0002130100613548791,0.002772252555481701,-0.02197528396296362,-0.11136194843641926
E2,2024-04-24,7,JETS,Airlines,20.26402473449707,-0.01920303140748192,0.017845805872141796,0.0012014671108806015,-0.02040449851836252,-0.1317664469547818
E2,2024-04-25,8,JETS,Airlines,20.313617706298828,0.002447340666601683,-0.004576430353515626,0.0031989111167326917,-0.0007515704501310089,-0.1325180174049128
E2,2024-04-25,8,JETS,Airlines,20.313617706298828,0.002447340666601683,-0.03757046784203688,0.006138124750335093,-0.00369078408373341,-0.13620880148864623
E2,2024-04-26,9,JETS,Airlines,20.303699493408203,-0.00048825438353850004,0.01020914263474304,0.0018817653226530055,-0.0023700197061915056,-0.13857882119483772
E2,2024-04-26,9,JETS,Airlines,20.303699493408203,-0.00048825438353850004,-0.022121025056567434,0.004761839326569962,-0.005250093710108462,-0.14382891490494618
E2,2024-04-29,10,JETS,Airlines,20.392967224121094,0.004396623912891862,0.0031784486665891176,0.002508081867637035,0.0018885420452548268,-0.14194037285969135
E2,2024-04-29,10,JETS,Airlines,20.392967224121094,0.004396623912891862,-0.023952073391426576,0.004924954926819715,-0.0005283310139278536,-0.1424687038736192
E2,2024-04-01,-10,LMT,Defense,424.069091796875,-0.004572724544099516,-0.0020135845401164643,1.4982523595741732e-05,-0.004587707067695257,-0.004587707067695257
E2,2024-04-01,-10,LMT,Defense,424.069091796875,-0.004572724544099516,0.04919288073705452,-4.504280264082285e-05,-0.004527681741458693,-0.00911538880915395
E2,2024-04-02,-9,LMT,Defense,424.4905395507813,0.0009938186065872046,-0.0072390590731691296,2.110793787476996e-05,0.0009727106687124346,-0.008142678140441516
E2,2024-04-02,-9,LMT,Defense,424.4905395507813,0.0009938186065872046,0.07032967508978882,-6.981981018763523e-05,0.00106363841677484,-0.007079039723666677
E2,2024-04-03,-8,LMT,Defense,419.4892578125,-0.011781844993704493,0.001091122364688113,1.1343119004523182e-05,-0.011793188112709017,-0.018872227836375693
E2,2024-04-03,-8,LMT,Defense,419.4892578125,-0.011781844993704493,-0.019164937683158745,3.508771074812699e-05,-0.01181693270445262,-0.030689160540828313
E2,2024-04-04,-7,LMT,Defense,425.2398376464844,0.013708527040648955,-0.012334336350379616,2.708073211422446e-05,0.01368144630853473,-0.01700771423229358
E2,2024-04-04,-7,LMT,Defense,425.2398376464844,0.013708527040648955,0.14096304734949738,-0.0001526177770093739,0.013861144817658329,-0.0031465694146352516
E2,2024-04-05,-6,LMT,Defense,426.4947814941406,0.0029511436524898293,0.011099194174331695,-3.88559253703401e-07,0.0029515322117435326,-0.00019503720289171895
E2,2024-04-05,-6,LMT,Defense,426.4947814941406,0.0029511436524898293,-0.019571846321599473,3.556469785588134e-05,0.002915578954633948,0.002720541751742229
E2,2024-04-08,-5,LMT,Defense,423.68505859375,-0.006587942038932648,-0.00037463099831791524,1.3061306802109809e-05,-0.006601003345734758,-0.0038804615939925288
E2,2024-04-08,-5,LMT,Defense,423.68505859375,-0.006587942038932648,-0.05240181349224815,7.40486955129593e-05,-0.006661990734445607,-0.010542452328438135
E2,2024-04-09,-4,LMT,Defense,419.18017578125,-0.010632621380258556,0.0014454931932483817,1.0927717853947474e-05,-0.010643549098112503,-0.021186001426550638
E2,2024-04-09,-4,LMT,Defense,419.18017578125,-0.010632621380258556,-0.013824887685854326,2.882798863153976e-05,-0.010661449368890095,-0.031847450795440733
E2,2024-04-10,-3,LMT,Defense,423.05755615234375,0.009249913510025243,-0.009456980649108493,2.370783352158448e-05,0.009226205676503658,-0.022621245118937074
E2,2024-04-10,-3,LMT,Defense,423.05755615234375,0.009249913510025243,0.05473969783420429,-5.154490162439408e-05,0.009301458411649637,-0.013319786707287437
E2,2024-04-11,-2,LMT,Defense,423.6288757324219,0.0013504535535877604,0.007444797710585593,3.895203328751237e-06,0.0013465583502590092,-0.011973228357028428
E2,2024-04-11,-2,LMT,Defense,423.6288757324219,0.0013504535535877604,-0.05632913497334324,7.865238670434679e-05,0.0012718011668834137,-0.010701427190145014
E2,2024-04-12,-1,LMT,Defense,421.8306579589844,-0.0042447950941222334,-0.01455068829580164,2.9678787806194137e-05,-0.004274473881928428,-0.01497590107207344
E2,2024-04-12,-1,LMT,Defense,421.8306579589844,-0.0042447950941222334,0.16096577083110009,-0.00017606540215014455,-0.004068729691972089,-0.019044630764045528
E2,2024-04-15,0,LMT,Defense,424.3406982421875,0.00595035053959303,-0.01202135494776202,2.671384854402665e-05,0.005923636691049003,-0.013120994072996526
E2,2024-04-15,0,LMT,Defense,424.3406982421875,0.00595035053959303,0.11091855202373435,-0.00011739896970095623,0.006067749509293986,-0.00705324456370254
E2,2024-04-16,1,LMT,Defense,425.4926452636719,0.002714674850317733,-0.0020565070133361507,1.5032838247298838e-05,0.0026996420120704344,-0.004353602551632105
E2,2024-04-16,1,LMT,Defense,425.4926452636719,0.002714674850317733,-0.043161723529065,6.321726218724318e-05,0.00265145758813049,-0.0017021449635016154
E2,2024-04-17,2,LMT,Defense,427.1222534179688,0.0038299326026824954,-0.005780602724641426,1.9398303795395347e-05,0.0038105342988871,0.0021083893353854846
E2,2024-04-17,2,LMT,Defense,427.1222534179688,0.0038299326026824954,-0.010326116195473967,2.4726653009162758e-05,0.0038052059496733325,0.0059135952850588175
E2,2024-04-18,3,LMT,Defense,427.1597595214844,8.78111669795345e-05,-0.002208160119998248,1.5210609299311663e-05,7.260055768022285e-05,0.005986195842739041
E2,2024-04-18,3,LMT,Defense,427.1597595214844,8.78111669795345e-05,-0.011532075509642303,2.614030460313932e-05,6.167086237639519e-05,0.0060478667051154355
E2,2024-04-19,4,LMT,Defense,434.4462585449219,0.01705801836671128,-0.00875854812743615,2.288911581200066e-05,0.01703512925089928,0.023082995956014714
E2,2024-04-19,4,LMT,Defense,434.4462585449219,0.01705801836671128,0.039444393581814285,-3.361541512952102e-05,0.017091633781840802,0.040174629737855516
E2,2024-04-22,5,LMT,Defense,432.06732177734375,-0.005475790666366498,0.008731248071466746,2.387198388729265e-06,-0.005478177864755227,0.03469645187310029
E2,2024-04-22,5,LMT,Defense,432.06732177734375,-0.005475790666366498,-0.09460174436266822,0.00012351636729905963,-0.005599307033665558,0.029097144839434732
E2,2024-04-23,6,LMT,Defense,430.8966369628906,-0.002709496310985604,0.011964576270872662,-1.402978866207137e-06,-0.002708093332119397,0.026389051507315336
E2,2024-04-23,6,LMT,Defense,430.8966369628906,-0.002709496310985604,-0.07378990048797274,9.91202737315549e-05,-0.002808616584717159,0.023580434922598176
E2,2024-04-24,7,LMT,Defense,430.0162963867188,-0.0020430435066208785,0.0002130100613548791,1.237246124079383e-05,-0.0020554159678616724,0.021525018954736505
E2,2024-04-24,7,LMT,Defense,430.0162963867188,-0.0020430435066208785,0.017845805872141796,-8.297083420729199e-06,-0.0020347464232001494,0.019490272531536356
E2,2024-04-25,8,LMT,Defense,435.298583984375,0.012283924218783104,-0.004576430353515626,1.7986746894706324e-05,0.012265937471888397,0.031756210003424754
E2,2024-04-25,8,LMT,Defense,435.298583984375,0.012283924218783104,-0.03757046784203688,5.6663071327372695e-05,0.012227261147455731,0.043983471150880485
E2,2024-04-26,9,LMT,Defense,432.0299072265625,-0.007509045234867617,0.01020914263474304,6.547784135615164e-07,-0.0075097000132811785,0.03647377113759931
E2,2024-04-26,9,LMT,Defense,432.0299072265625,-0.007509045234867617,-0.022121025056567434,3.855290030987854e-05,-0.007547598135177496,0.028926173002421812
E2,2024-04-29,10,LMT,Defense,437.892822265625,0.013570623100376933,0.0031784486665891176,8.896309962821412e-06,0.013561726790414112,0.042487899792835924
E2,2024-04-29,10,LMT,Defense,437.892822265625,0.013570623100376933,-0.023952073391426576,4.06992947751071e-05,0.013529923805601826,0.05601782359843775
E2,2024-04-01,-10,XLE,Energy,44.28981399536133,0.007414232588141445,-0.0020135845401164643,0.001838446005040819,0.005575786583100626,0.005575786583100626
E2,2024-04-01,-10,XLE,Energy,44.28981399536133,0.007414232588141445,0.04919288073705452,0.0001432721377894596,0.007270960450351986,0.01284674703345261
E2,2024-04-02,-9,XLE,Energy,44.90916442871094,0.013984037806401117,-0.0072390590731691296,0.002011433689788657,0.01197260411661246,0.02481935115006507
E2,2024-04-02,-9,XLE,Energy,44.90916442871094,0.013984037806401117,0.07032967508978882,-0.0005564547664261954,0.014540492572827312,0.03935984372289238
E2,2024-04-03,-8,XLE,Energy,45.21650695800781,0.006843648355665755,0.001091122364688113,0.0017356656631052482,0.005107982692560506,0.04446782641545289
E2,2024-04-03,-8,XLE,Energy,45.21650695800781,0.006843648355665755,-0.019164937683158745,0.0024062361362031594,0.004437412219462596,0.048905238634915485
E2,2024-04-04,-7,XLE,Energy,45.18856430053711,-0.0006179747032792893,-0.012334336350379616,0.002180111235484779,-0.0027980859387640683,0.04610715269615142
E2,2024-04-04,-7,XLE,Energy,45.18856430053711,-0.0006179747032792893,0.14096304734949738,-0.0028947502563098923,0.002276775553030603,0.04838392824918202
E2,2024-04-05,-6,XLE,Energy,45.67286682128906,0.010717369056715054,0.011099194174331695,0.0014043516053695272,0.009313017451345527,0.05769694570052755
E2,2024-04-05,-6,XLE,Energy,45.67286682128906,0.010717369056715054,-0.019571846321599473,0.002419706718218729,0.008297662338496326,0.06599460803902388
E2,2024-04-08,-5,XLE,Energy,45.38414764404297,-0.006321459486565817,-0.00037463099831791524,0.001784188965452996,-0.008105648452018813,0.057888959587005066
E2,2024-04-08,-5,XLE,Energy,45.38414764404297,-0.006321459486565817,-0.05240181349224815,0.0035065324170668556,-0.009827991903632673,0.048060967683372396
E2,2024-04-09,-4,XLE,Energy,45.39811325073242,0.0003077199289713839,0.0014454931932483817,0.0017239343286997195,-0.0014162143997283356,0.046644753283644064
E2,2024-04-09,-4,XLE,Energy,45.39811325073242,0.0003077199289713839,-0.013824887685854326,0.0022294554668824463,-0.0019217355379110624,0.044723017745733
E2,2024-04-10,-3,XLE,Energy,45.537818908691406,0.003077345025054079,-0.009456980649108493,0.0020848572833679926,0.0009924877416860865,0.04571550548741909
E2,2024-04-10,-3,XLE,Energy,45.537818908691406,0.003077345025054079,0.05473969783420429,-4.0353491095792204e-05,0.0031176985161498715,0.048833204003568956
E2,2024-04-11,-2,XLE,Energy,45.50522232055664,-0.0007158135570815016,0.007444797710585593,0.0015253292466182772,-0.002241142803699779,0.046592061199869174
E2,2024-04-11,-2,XLE,Energy,45.50522232055664,-0.0007158135570815016,-0.05632913497334324,0.003636545154853218,-0.00435235871193472,0.042239702487934454
E2,2024-04-12,-1,XLE,Energy,44.76479721069336,-0.016271211788559947,-0.01455068829580164,0.002253482866941366,-0.018524694655501314,0.02371500783243314
E2,2024-04-12,-1,XLE,Energy,44.76479721069336,-0.016271211788559947,0.16096577083110009,-0.003556934102359993,-0.012714277686199954,0.011000730146233186
E2,2024-04-15,0,XLE,Energy,44.34570693969727,-0.0093620500283641,-0.01202135494776202,0.002169750084958547,-0.011531800113322646,-0.0005310699670894609
E2,2024-04-15,0,XLE,Energy,44.34570693969727,-0.0093620500283641,0.11091855202373435,-0.001900136723520408,-0.007461913304843692,-0.007992983271933152
E2,2024-04-16,1,XLE,Energy,43.95919799804688,-0.008715814186387338,-0.0020565070133361507,0.0018398669399662423,-0.010555681126353581,-0.018548664398286733
E2,2024-04-16,1,XLE,Energy,43.95919799804688,-0.008715814186387338,-0.043161723529065,0.0032006421559083132,-0.011916456342295653,-0.030465120740582385
E2,2024-04-17,2,XLE,Energy,43.83346176147461,-0.002860294143170239,-0.005780602724641426,0.0019631519528015657,-0.004823446095971805,-0.03528856683655419
E2,2024-04-17,2,XLE,Energy,43.83346176147461,-0.002860294143170239,-0.010326116195473967,0.002113629741246565,-0.004973923884416804,-0.04026249072097099
E2,2024-04-18,3,XLE,Energy,43.69841384887695,-0.003080931944926868,-0.002208160119998248,0.0018448873681857954,-0.004925819313112663,-0.045188310034083655
E2,2024-04-18,3,XLE,Energy,43.69841384887695,-0.003080931944926868,-0.011532075509642303,0.0021535526436238543,-0.005234484588550722,-0.050422794622634375
E2,2024-04-19,4,XLE,Energy,44.2246322631836,0.012042048393941185,-0.00875854812743615,0.0020617358952313806,0.009980312498709804,-0.04044248212392457
E2,2024-04-19,4,XLE,Energy,44.2246322631836,0.012042048393941185,0.039444393581814285,0.0004659927274913657,0.011576055666449819,-0.028866426457474746
E2,2024-04-22,5,XLE,Energy,44.51334381103516,0.006528297310273157,0.008731248071466746,0.0014827417135503769,0.00504555559672278,-0.023820870860751967
E2,2024-04-22,5,XLE,Energy,44.51334381103516,0.006528297310273157,-0.09460174436266822,0.004903547806122474,0.001624749504150683,-0.022196121356601282
E2,2024-04-23,6,XLE,Energy,44.76015472412109,0.005544650029745357,0.011964576270872662,0.0013757034042624406,0.004168946625482917,-0.018027174731118367
E2,2024-04-23,6,XLE,Energy,44.76015472412109,0.005544650029745357,-0.07378990048797274,0.004214578284896263,0.0013300717448490942,-0.016697102986269273
E2,2024-04-24,7,XLE,Energy,44.79274368286133,0.0007280796713304838,0.0002130100613548791,0.0017647352936892991,-0.0010366556223588153,-0.017733758608628088
E2,2024-04-24,7,XLE,Energy,44.79274368286133,0.0007280796713304838,0.017845805872141796,0.0011810071550014847,-0.0004529274836710009,-0.01818668609229909
E2,2024-04-25,8,XLE,Energy,44.99764251708984,0.0045743756104610345,-0.004576430353515626,0.0019232882066095665,0.0026510874038514678,-0.015535598688447621
E2,2024-04-25,8,XLE,Energy,44.99764251708984,0.0045743756104610345,-0.03757046784203688,0.0030155454015342873,0.0015588302089267472,-0.013976768479520875
E2,2024-04-26,9,XLE,Energy,44.58319854736328,-0.009210348510350297,0.01020914263474304,0.0014338164806006275,-0.010644164990950925,-0.024620933470471798
E2,2024-04-26,9,XLE,Energy,44.58319854736328,-0.009210348510350297,-0.022121025056567434,0.002504096475470673,-0.011714444985820971,-0.03633537845629277
E2,2024-04-29,10,XLE,Energy,44.88587951660156,0.006789126377209742,0.0031784486665891176,0.0016665653848443602,0.005122560992365382,-0.031212817463927386
E2,2024-04-29,10,XLE,Energy,44.88587951660156,0.006789126377209742,-0.023952073391426576,0.002564712752538935,0.004224413624670807,-0.02698840383925658
E2,2024-04-01,-10,XOM,Energy,107.97402954101562,0.006452161639136866,-0.0020135845401164643,0.0022824470736493943,0.0041697145654874725,0.0041697145654874725
E2,2024-04-01,-10,XOM,Energy,107.97402954101562,0.006452161639136866,0.04919288073705452,0.0013893355013359218,0.005062826137800945,0.009232540703288418
E2,2024-04-02,-9,XOM,Energy,110.08753967285156,0.01957424522193163,-0.0072390590731691296,0.0023735865762695703,0.01720065864566206,0.026433199348950477
E2,2024-04-02,-9,XOM,Energy,110.08753967285156,0.01957424522193163,0.07032967508978882,0.001020680575910849,0.01855356464602078,0.04498676399497126
E2,2024-04-03,-8,XOM,Energy,110.10601043701172,0.00016778251394344856,0.001091122364688113,0.002228296691460083,-0.0020605141775166345,0.042926249817454624
E2,2024-04-03,-8,XOM,Energy,110.10601043701172,0.00016778251394344856,-0.019164937683158745,0.002581590392563759,-0.0024138078786203106,0.04051244193883431
E2,2024-04-04,-7,XOM,Energy,110.4936294555664,0.0035204165241862206,-0.012334336350379616,0.0024624552586867366,0.001057961265499484,0.0415704032043338
E2,2024-04-04,-7,XOM,Energy,110.4936294555664,0.0035204165241862206,0.14096304734949738,-0.00021126312133933414,0.003731679645525555,0.04530208284985936
E2,2024-04-05,-6,XOM,Energy,112.01648712158205,0.013782311917159396,0.011099194174331695,0.002053742078065945,0.01172856983909345,0.057030652688952806
E2,2024-04-05,-6,XOM,Energy,112.01648712158205,0.013782311917159396,-0.019571846321599473,0.002588687441967553,0.011193624475191843,0.06822427716414464
E2,2024-04-08,-5,XOM,Energy,111.25967407226562,-0.006756264803189027,-0.00037463099831791524,0.0022538614572288635,-0.00901012626041789,0.05921415090372675
E2,2024-04-08,-5,XOM,Energy,111.25967407226562,-0.006756264803189027,-0.05240181349224815,0.0031612874728439203,-0.009917552276032948,0.049296598627693804
E2,2024-04-09,-4,XOM,Energy,111.84112548828124,0.005226075133367258,0.0014454931932483817,0.0022221159741197165,0.003003959159247542,0.05230055778694134
E2,2024-04-09,-4,XOM,Energy,111.84112548828124,0.005226075133367258,-0.013824887685854326,0.0024884525353906467,0.0027376225979766117,0.05503818038491796
E2,2024-04-10,-3,XOM,Energy,112.78250122070312,0.008417080285199052,-0.009456980649108493,0.0024122701959108247,0.006004810089288227,0.06104299047420619
E2,2024-04-10,-3,XOM,Energy,112.78250122070312,0.008417080285199052,0.05473969783420429,0.0012925913399852796,0.007124488945213773,0.06816747941941996
E2,2024-04-11,-2,XOM,Energy,112.40410614013672,-0.0033550867951219754,0.007444797710585593,0.002117479806376752,-0.0054725666014987275,0.06269491281792124
E2,2024-04-11,-2,XOM,Energy,112.40410614013672,-0.0033550867951219754,-0.05632913497334324,0.0032297853909090644,-0.00658487218603104,0.05611004063189019
E2,2024-04-12,-1,XOM,Energy,111.09354400634766,-0.011659379526181679,-0.01455068829580164,0.00250111150180099,-0.014160491027982669,0.041949549603907524
E2,2024-04-12,-1,XOM,Energy,111.09354400634766,-0.011659379526181679,0.16096577083110009,-0.0005601382823665155,-0.011099241243815164,0.03085030836009236
E2,2024-04-15,0,XOM,Energy,110.45671844482422,-0.005732336358691081,-0.01202135494776202,0.0024569964301758515,-0.008189332788866932,0.022660975571225428
E2,2024-04-15,0,XOM,Energy,110.45671844482422,-0.005732336358691081,0.11091855202373435,0.0003127544282906696,-0.006045090786981751,0.016615884784243678
E2,2024-04-16,1,XOM,Energy,109.5430145263672,-0.008272053808238367,-0.0020565070133361507,0.0022831957009435714,-0.010555249509181939,0.006060635275061739
E2,2024-04-16,1,XOM,Energy,109.5430145263672,-0.008272053808238367,-0.043161723529065,0.0030001275249610195,-0.011272181333199386,-0.005211546058137647
E2,2024-04-17,2,XOM,Energy,109.48763275146484,-0.000505571031998775,-0.005780602724641426,0.0023481490805249685,-0.0028537201125237435,-0.00806526617066139
E2,2024-04-17,2,XOM,Energy,109.48763275146484,-0.000505571031998775,-0.010326116195473967,0.0024274291218426653,-0.0029330001538414403,-0.01099826632450283
E2,2024-04-18,3,XOM,Energy,109.38611602783205,-0.000927198086958736,-0.002208160119998248,0.0022858407408580445,-0.0032130388278167805,-0.01421130515231961
E2,2024-04-18,3,XOM,Energy,109.38611602783205,-0.000927198086958736,-0.011532075509642303,0.002448462720107905,-0.003375660807066641,-0.01758696595938625
E2,2024-04-19,4,XOM,Energy,110.64129638671876,0.011474768503229038,-0.00875854812743615,0.0024000885668097093,0.00907467993641933,-0.008512286022966921
E2,2024-04-19,4,XOM,Energy,110.64129638671876,0.011474768503229038,0.039444393581814285,0.0015593625993550434,0.009915405903873995,0.0014031198809070743
E2,2024-04-22,5,XOM,Energy,111.2688980102539,0.0056723994026743885,0.008731248071466746,0.0020950423329387634,0.003577357069735625,0.004980476950642699
E2,2024-04-22,5,XOM,Energy,111.2688980102539,0.0056723994026743885,-0.09460174436266822,0.003897312629182986,0.0017750867734914024,0.006755563724134102
E2,2024-04-23,6,XOM,Energy,111.70267486572266,0.003898455572272974,0.011964576270872662,0.0020386486174900167,0.0018598069547829574,0.008615370678917059
E2,2024-04-23,6,XOM,Energy,111.70267486572266,0.003898455572272974,-0.07378990048797274,0.003534325289497221,0.00036413028277575317,0.008979500961692812
E2,2024-04-24,7,XOM,Energy,111.72113800048828,0.00016528820628347596,0.0002130100613548791,0.00224361218444818,-0.002078323978164704,0.006901176983528108
E2,2024-04-24,7,XOM,Energy,111.72113800048828,0.00016528820628347596,0.017845805872141796,0.0019360718395793623,-0.0017707836332958864,0.005130393350232222
E2,2024-04-25,8,XOM,Energy,111.97956848144533,0.0023131744411331034,-0.004576430353515626,0.00232714664901771,-1.3972207884606347e-05,0.005116421142347616
E2,2024-04-25,8,XOM,Energy,111.97956848144533,0.0023131744411331034,-0.03757046784203688,0.0029026082931449034,-0.0005894338520118,0.004526987290335816
E2,2024-04-26,9,XOM,Energy,108.86927795410156,-0.027775518065682903,0.01020914263474304,0.0020692658078461466,-0.029844783873529047,-0.025317796583193233
E2,2024-04-26,9,XOM,Energy,108.86927795410156,-0.027775518065682903,-0.022121025056567434,0.0026331486445866355,-0.03040866671026954,-0.05572646329346277
E2,2024-04-29,10,XOM,Energy,110.41979217529295,0.014241981303899864,0.0031784486665891176,0.0021918908340096336,0.01205009046989023,-0.04367637282357254
E2,2024-04-29,10,XOM,Energy,110.41979217529295,0.014241981303899864,-0.023952073391426576,0.002665084659862759,0.011576896644037105,-0.03209947617953544
E3,2024-09-17,-10,BNO,Controls,28.790000915527344,0.011950795904047684,0.00026455008109871336,-0.0016250951112121745,0.013575891015259859,0.013575891015259859
E3,2024-09-17,-10,BNO,Controls,28.790000915527344,0.011950795904047684,0.027421309068831112,-0.0023585763703385734,0.014309372274386258,0.027885263289646117
E3,2024-09-18,-9,BNO,Controls,28.399999618530277,-0.013546414886938307,-0.002896455862498093,-0.0015397189946931608,-0.012006695892245147,0.01587856739740097
E3,2024-09-18,-9,BNO,Controls,28.399999618530277,-0.013546414886938307,0.03520720672322497,-0.00256886692885308,-0.010977547958085226,0.004901019439315743
E3,2024-09-19,-8,BNO,Controls,29.1299991607666,0.025704209578933268,0.01697685316676334,-0.0020764803857109726,0.02778068996464424,0.03268170940395998
E3,2024-09-19,-8,BNO,Controls,29.1299991607666,0.025704209578933268,-0.10422378860340853,0.0011970471870259515,0.024507162391907318,0.0571888717958673
E3,2024-09-20,-7,BNO,Controls,29.1299991607666,0.0,-0.0019410273951238066,-0.001565524315408032,0.001565524315408032,0.05875439611127533
E3,2024-09-20,-7,BNO,Controls,29.1299991607666,0.0,-0.011022676424785383,-0.001320236600175544,0.001320236600175544,0.06007463271145087
E3,2024-09-23,-6,BNO,Controls,28.920000076293945,-0.0072090316005052335,0.0028092730585327352,-0.001693825942253513,-0.005515205658251721,0.054559427053199154
E3,2024-09-23,-6,BNO,Controls,28.920000076293945,-0.0072090316005052335,-0.01609902670890473,-0.0011831286411645111,-0.006025902959340723,0.04853352409385843
E3,2024-09-24,-5,BNO,Controls,29.350000381469727,0.014868613556064947,0.0025111788443470395,-0.0016857746678117437,0.01655438822387669,0.06508791231773511
E3,2024-09-24,-5,BNO,Controls,29.350000381469727,0.014868613556064947,-0.031466330345934046,-0.0007680706724960954,0.015636684228561043,0.08072459654629616
E3,2024-09-25,-4,BNO,Controls,28.790000915527344,-0.01908004969894106,-0.0018612489301417234,-0.0015676790647642664,-0.017512370634176794,0.06321222591211936
E3,2024-09-25,-4,BNO,Controls,28.790000915527344,-0.01908004969894106,0.0012995129072905787,-0.0016530485881807314,-0.01742700111076033,0.045785224801359034
E3,2024-09-26,-3,BNO,Controls,27.8700008392334,-0.031955541751919836,0.00403867571712313,-0.001727031075841198,-0.030228510676078638,0.015556714125280396
E3,2024-09-26,-3,BNO,Controls,27.8700008392334,-0.031955541751919836,-0.002595714617073419,-0.0015478417632262165,-0.03040769998869362,-0.014850985863413223
E3,2024-09-27,-2,BNO,Controls,28.36000061035156,0.017581620249841334,-0.0012532169669905446,-0.0015841014975782367,0.01916572174741957,0.004314735884006347
E3,2024-09-27,-2,BNO,Controls,28.36000061035156,0.017581620249841334,0.10344822451218505,-0.0044119995233767575,0.021993619773218093,0.02630835565722444
E3,2024-09-30,-1,BNO,Controls,28.309999465942383,-0.0017630868594172844,0.004236552581176722,-0.0017323755637995578,-3.0711295617726585e-05,0.026277644361606713
E3,2024-09-30,-1,BNO,Controls,28.309999465942383,-0.0017630868594172844,-0.013561294495994303,-0.001251670657525595,-0.0005114162018916893,0.025766228159715025
E3,2024-10-01,0,BNO,Controls,29.190000534057617,0.03108446078121263,-0.009324107094664358,-0.0013661135316434506,0.032450574312856084,0.058216802472571105
E3,2024-10-01,0,BNO,Controls,29.190000534057617,0.03108446078121263,0.15122538887453674,-0.005702420618538261,0.03678688139975089,0.095003683872322
E3,2024-10-02,1,BNO,Controls,29.479999542236328,0.009934875055598313,0.00013839090212397487,-0.001621687657712788,0.0115565627133111,0.1065602465856331
E3,2024-10-02,1,BNO,Controls,29.479999542236328,0.009934875055598313,-0.018691620253031727,-0.0011131048663094827,0.011047979921907796,0.1176082265075409
E3,2024-10-03,2,BNO,Controls,30.670000076293945,0.04036636881057909,-0.001681413492255035,-0.0015725362689496503,0.04193890507952874,0.15954713158706962
E3,2024-10-03,2,BNO,Controls,30.670000076293945,0.04036636881057909,0.0841269938984015,-0.003890149306829513,0.044256518117408605,0.20380364970447823
E3,2024-10-04,3,BNO,Controls,30.82999992370605,0.005216819270104089,0.008970249395274354,-0.0018602287402811626,0.007077048010385252,0.21088069771486348
E3,2024-10-04,3,BNO,Controls,30.82999992370605,0.005216819270104089,-0.06246953152482426,6.929976069565543e-05,0.0051475195094084335,0.2160282172242719
E3,2024-10-07,4,BNO,Controls,32.0099983215332,0.03827435617084829,-0.009586022165882668,-0.001359039425476799,0.03963339559632509,0.25566161282059696
E3,2024-10-07,4,BNO,Controls,32.0099983215332,0.03827435617084829,0.17855286145995897,-0.00644051270860513,0.04471486887945342,0.3003764817000504
E3,2024-10-08,5,BNO,Controls,30.59000015258789,-0.0443610822681636,0.009689347495581924,-0.0018796509762073002,-0.0424814312919563,0.2578950504080941
E3,2024-10-08,5,BNO,Controls,30.59000015258789,-0.0443610822681636,-0.05388689691892434,-0.00016250999392937275,-0.044198572274234224,0.21369647813385984
E3,2024-10-09,6,BNO,Controls,30.299999237060547,-0.009480252176553572,0.007113411987488272,-0.0018100771209192507,-0.007670175055634321,0.2060263030782255
E3,2024-10-09,6,BNO,Controls,30.299999237060547,-0.009480252176553572,-0.02614376582389244,-0.0009118286713490566,-0.008568423505204516,0.197457879573021
E3,2024-10-10,7,BNO,Controls,31.34000015258789,0.0343234634229066,-0.002070122839989974,-0.0015620375558322412,0.03588550097873884,0.23334338055175985
E3,2024-10-10,7,BNO,Controls,31.34000015258789,0.0343234634229066,0.003355689970089726,-0.0017085842042566417,0.036032047627163236,0.26937542817892307
E3,2024-10-11,8,BNO,Controls,31.190000534057617,-0.004786203503508557,0.006051847587953629,-0.0017814051577896973,-0.0030047983457188597,0.2663706298332042
E3,2024-10-11,8,BNO,Controls,31.190000534057617,-0.004786203503508557,-0.022455863060207304,-0.0010114358285899278,-0.0037747676749186293,0.26259586215828556
E3,2024-10-14,9,BNO,Controls,30.6299991607666,-0.017954516309787394,0.0077076668832223305,-0.0018261274467096715,-0.01612838886307772,0.24646747329520785
E3,2024-10-14,9,BNO,Controls,30.6299991607666,-0.017954516309787394,-0.037145569674535084,-0.0006146791865863004,-0.017339837123201092,0.22912763617200677
E3,2024-10-15,10,BNO,Controls,29.450000762939453,-0.03852427130780289,-0.007609466332438197,-0.0014124245389987545,-0.037111846768804135,0.19201578940320263
E3,2024-10-15,10,BNO,Controls,29.450000762939453,-0.03852427130780289,0.047715664482478326,-0.0029067098706831796,-0.035617561437119714,0.1563982279660829
E3,2024-09-17,-10,DAL,Airlines,45.63173675537109,0.030008844820923253,0.00026455008109871336,-0.0007441266613639546,0.030752971482287207,0.030752971482287207
E3,2024-09-17,-10,DAL,Airlines,45.63173675537109,0.030008844820923253,0.027421309068831112,-0.0025895709754625734,0.032598415796385824,0.06335138727867304
E3,2024-09-18,-9,DAL,Airlines,45.86634826660156,0.005141410954577763,-0.002896455862498093,-0.0005293197159520286,0.005670730670529792,0.06902211794920284
E3,2024-09-18,-9,DAL,Airlines,45.86634826660156,0.005141410954577763,0.03520720672322497,-0.0031186635878374747,0.008260074542415237,0.07728219249161808
E3,2024-09-19,-8,DAL,Airlines,46.07162857055664,0.004475619091405925,0.01697685316676334,-0.0018798153758701579,0.0063554344672760825,0.08363762695889417
E3,2024-09-19,-8,DAL,Airlines,46.07162857055664,0.004475619091405925,-0.10422378860340853,0.0063564043925089,-0.0018807853011029753,0.0817568416577912
E3,2024-09-20,-7,DAL,Airlines,45.88589477539063,-0.004031413712271226,-0.0019410273951238066,-0.0005942460951801362,-0.0034371676170910897,0.0783196740407001
E3,2024-09-20,-7,DAL,Airlines,45.88589477539063,-0.004031413712271226,-0.011022676424785383,2.289962430719627e-05,-0.004054313336578422,0.07426536070412168
E3,2024-09-23,-6,DAL,Airlines,46.100955963134766,0.00468686921758521,0.0028092730585327352,-0.0009170539444680661,0.005603923162053276,0.07986928386617495
E3,2024-09-23,-6,DAL,Airlines,46.100955963134766,0.00468686921758521,-0.01609902670890473,0.00036786427095125446,0.004319004946633956,0.0841882888128089
E3,2024-09-24,-5,DAL,Airlines,46.72658920288086,0.01357093853425484,0.0025111788443470395,-0.000896796877971906,0.014467735412226745,0.09865602422503565
E3,2024-09-24,-5,DAL,Airlines,46.72658920288086,0.01357093853425484,-0.031466330345934046,0.0014121532132655309,0.012158785320989308,0.11081480954602496
E3,2024-09-25,-4,DAL,Airlines,47.655250549316406,0.019874366228688656,-0.0018612489301417234,-0.0005996674606183023,0.020474033689306958,0.1312888432353319
E3,2024-09-25,-4,DAL,Airlines,47.655250549316406,0.019874366228688656,0.0012995129072905787,-0.0008144578177350816,0.020688824046423738,0.15197766728175566
E3,2024-09-26,-3,DAL,Airlines,50.64653396606445,0.06276923071997054,0.00403867571712313,-0.0010005983080299424,0.06376982902800048,0.21574749630975615
E3,2024-09-26,-3,DAL,Airlines,50.64653396606445,0.06276923071997054,-0.002595714617073419,-0.0005497566621146621,0.0633189873820852,0.27906648369184134
E3,2024-09-27,-2,DAL,Airlines,50.38259506225586,-0.00521139124713732,-0.0012532169669905446,-0.0006409864239634662,-0.004570404823173854,0.2744960788686675
E3,2024-09-27,-2,DAL,Airlines,50.38259506225586,-0.00521139124713732,0.10344822451218505,-0.007755998931271795,0.0025446076841344747,0.27704068655280195
E3,2024-09-30,-1,DAL,Airlines,49.6494369506836,-0.014551813193947716,0.004236552581176722,-0.0010140450795620066,-0.01353776811438571,0.2635029184384162
E3,2024-09-30,-1,DAL,Airlines,49.6494369506836,-0.014551813193947716,-0.013561294495994303,0.00019541204698977118,-0.014747225240937486,0.24875569319747873
E3,2024-10-01,0,DAL,Airlines,48.83807373046875,-0.016341841318780137,-0.009324107094664358,-9.25270771556017e-05,-0.016249314241624534,0.2325063789558542
E3,2024-10-01,0,DAL,Airlines,48.83807373046875,-0.016341841318780137,0.15122538887453674,-0.011002708023328266,-0.005339133295451871,0.2271672456604023
E3,2024-10-02,1,DAL,Airlines,47.313114166259766,-0.0312248098199992,0.00013839090212397487,-0.0007355534829660665,-0.030489256337033133,0.19667798932336916
E3,2024-10-02,1,DAL,Airlines,47.313114166259766,-0.0312248098199992,-0.018691620253031727,0.0005440446103260401,-0.03176885443032524,0.16490913489304393
E3,2024-10-03,2,DAL,Airlines,46.39421844482422,-0.01942158612105982,-0.001681413492255035,-0.0006118882225461651,-0.018809697898513656,0.14609943699453026
E3,2024-10-03,2,DAL,Airlines,46.39421844482422,-0.01942158612105982,0.0841269938984015,-0.006443019897444448,-0.012978566223615371,0.1331208707709149
E3,2024-10-04,3,DAL,Airlines,48.17334747314453,0.03834807628963932,0.008970249395274354,-0.0013357246243924283,0.03968380091403175,0.17280467168494665
E3,2024-10-04,3,DAL,Airlines,48.17334747314453,0.03834807628963932,-0.06246953152482426,0.0035189834635278795,0.03482909282611144,0.20763376451105808
E3,2024-10-07,4,DAL,Airlines,48.35908508300781,0.003855609369201929,-0.009586022165882668,-7.472857332180803e-05,0.003930337942523737,0.21156410245358181
E3,2024-10-07,4,DAL,Airlines,48.35908508300781,0.003855609369201929,0.17855286145995897,-0.012859753222434494,0.016715362591636425,0.22827946504521823
E3,2024-10-08,5,DAL,Airlines,49.48325347900391,0.023246270976104766,0.009689347495581924,-0.0013845911147232957,0.02463086209082806,0.2529103271360463
E3,2024-10-08,5,DAL,Airlines,49.48325347900391,0.023246270976104766,-0.05388689691892434,0.0029357483933709827,0.020310522582733782,0.2732208497187801
E3,2024-10-09,6,DAL,Airlines,49.83517456054688,0.007111922858756392,0.007113411987488272,-0.0012095427763319732,0.008321465635088366,0.2815423153538684
E3,2024-10-09,6,DAL,Airlines,49.83517456054688,0.007111922858756392,-0.02614376582389244,0.0010504570168209599,0.006061465841935432,0.2876037811958039
E3,2024-10-10,7,DAL,Airlines,49.30574035644531,-0.010623705219660384,-0.002070122839989974,-0.0005854733821030006,-0.010038231837557384,0.2775655493582465
E3,2024-10-10,7,DAL,Airlines,49.30574035644531,-0.010623705219660384,0.003355689970089726,-0.0009541858416512202,-0.009669519378009164,0.26789602998023737
E3,2024-10-11,8,DAL,Airlines,50.32538986206055,0.02068013781445921,0.006051847587953629,-0.0011374039034253909,0.021817541717884602,0.28971357169812195
E3,2024-10-11,8,DAL,Airlines,50.32538986206055,0.02068013781445921,-0.022455863060207304,0.0007998446668985806,0.01988029314756063,0.3095938648456826
E3,2024-10-14,9,DAL,Airlines,52.13917922973633,0.036041238282451316,0.0077076668832223305,-0.001249925515632826,0.03729116379808414,0.3468850286437667
E3,2024-10-14,9,DAL,Airlines,52.13917922973633,0.036041238282451316,-0.037145569674535084,0.0017980873349369175,0.0342431509475144,0.3811281795912811
E3,2024-10-15,10,DAL,Airlines,51.69799041748047,-0.008461752155934144,-0.007609466332438197,-0.00020904591678596392,-0.008252706239148179,0.3728754733521329
E3,2024-10-15,10,DAL,Airlines,51.69799041748047,-0.008461752155934144,0.047715664482478326,-0.0039686789471955084,-0.004493073208738635,0.36838240014339424
E3,2024-09-17,-10,GLD,Controls,237.33999633789065,-0.005530911354914458,0.00026455008109871336,0.001940850411231688,-0.007471761766146147,-0.007471761766146147
E3,2024-09-17,-10,GLD,Controls,237.33999633789065,-0.005530911354914458,0.027421309068831112,0.001429672474133985,-0.006960583829048444,-0.01443234559519459
E3,2024-09-18,-9,GLD,Controls,235.50999450683597,-0.007710465405288858,-0.002896455862498093,0.002000350755073577,-0.009710816160362436,-0.024143161755557026
E3,2024-09-18,-9,GLD,Controls,235.50999450683597,-0.007710465405288858,0.03520720672322497,0.0012831167270647276,-0.008993582132353585,-0.03313674388791061
E3,2024-09-19,-8,GLD,Controls,239.1699981689453,0.015540757281972128,0.01697685316676334,0.0016262708761943607,0.013914486405777768,-0.01922225748213284
E3,2024-09-19,-8,GLD,Controls,239.1699981689453,0.015540757281972128,-0.10422378860340853,0.003907658506543818,0.01163309877542831,-0.00758915870670453
E3,2024-09-20,-7,GLD,Controls,242.2100067138672,0.012710660066880486,-0.0019410273951238066,0.0019823665046990228,0.010728293562181463,0.0031391348554769324
E3,2024-09-20,-7,GLD,Controls,242.2100067138672,0.012710660066880486,-0.011022676424785383,0.002153312478720623,0.010557347588159863,0.013696482443636795
E3,2024-09-23,-6,GLD,Controls,242.67999267578125,0.0019404068737312041,0.0028092730585327352,0.0018929505037840627,4.745636994714147e-05,0.013743938813583937
E3,2024-09-23,-6,GLD,Controls,242.67999267578125,0.0019404068737312041,-0.01609902670890473,0.0022488657907853535,-0.00030845891705414937,0.013435479896529788
E3,2024-09-24,-5,GLD,Controls,246.07000732421875,0.01396907347432852,0.0025111788443470395,0.0018985615999217514,0.012070511874406768,0.025505991770936556
E3,2024-09-24,-5,GLD,Controls,246.07000732421875,0.01396907347432852,-0.031466330345934046,0.0025381280910281483,0.011430945383300372,0.03693693715423693
E3,2024-09-25,-4,GLD,Controls,245.72999572753903,-0.001381767735032069,-0.0018612489301417234,0.001980864816254802,-0.003362632551286871,0.033574304602950064
E3,2024-09-25,-4,GLD,Controls,245.72999572753903,-0.001381767735032069,0.0012995129072905787,0.0019213690672795413,-0.0033031368023116103,0.030271167800638453
E3,2024-09-26,-3,GLD,Controls,246.97999572753903,0.005086884066794806,0.00403867571712313,0.0018698091740265406,0.003217074892768265,0.033488242693406715
E3,2024-09-26,-3,GLD,Controls,246.97999572753903,0.005086884066794806,-0.002595714617073419,0.0019946898332564404,0.0030921942335383652,0.036580436926945084
E3,2024-09-27,-2,GLD,Controls,245.0200042724609,-0.007935830791900744,-0.0012532169669905446,0.0019694196903930054,-0.00990525048229375,0.026675186444651333
E3,2024-09-27,-2,GLD,Controls,245.0200042724609,-0.007935830791900744,0.10344822451218505,-1.3996879672057913e-06,-0.007934431103933538,0.018740755340717796
E3,2024-09-30,-1,GLD,Controls,243.05999755859372,-0.007999374253898295,0.004236552581176722,0.0018660844921817015,-0.009865458746079997,0.008875296594637799
E3,2024-09-30,-1,GLD,Controls,243.05999755859372,-0.007999374253898295,-0.013561294495994303,0.0022010974721105095,-0.010200471726008804,-0.0013251751313710057
E3,2024-10-01,0,GLD,Controls,245.6100006103516,0.010491249392624358,-0.009324107094664358,0.0021213399165094654,0.008369909476114892,0.007044734344743887
E3,2024-10-01,0,GLD,Controls,245.6100006103516,0.010491249392624358,0.15122538887453674,-0.0009007202707420991,0.011391969663366457,0.018436704008110344
E3,2024-10-02,1,GLD,Controls,245.66000366210935,0.0002035871977259518,0.00013839090212397487,0.0019432251345513367,-0.0017396379368253849,0.01669706607128496
E3,2024-10-02,1,GLD,Controls,245.66000366210935,0.0002035871977259518,-0.018691620253031727,0.0022976667769493628,-0.002094079579223411,0.01460298649206155
E3,2024-10-03,2,GLD,Controls,245.4900054931641,-0.0006920058878574498,-0.001681413492255035,0.0019774797323352704,-0.00266948562019272,0.01193350087186883
E3,2024-10-03,2,GLD,Controls,245.4900054931641,-0.0006920058878574498,0.0841269938984015,0.0003622882915816216,-0.0010542941794390713,0.010879206692429758
E3,2024-10-04,3,GLD,Controls,245.0,-0.001996030315693398,0.008970249395274354,0.0017769810254031555,-0.0037730113410965535,0.007106195351333205
E3,2024-10-04,3,GLD,Controls,245.0,-0.001996030315693398,-0.06246953152482426,0.0031217084965253325,-0.00511773881221873,0.001988456539114475
E3,2024-10-07,4,GLD,Controls,244.1699981689453,-0.0033877625757333663,-0.009586022165882668,0.0021262700042957382,-0.005514032580029105,-0.00352557604091463
E3,2024-10-07,4,GLD,Controls,244.1699981689453,-0.0033877625757333663,0.17855286145995897,-0.001415111589257704,-0.0019726509864756623,-0.005498227027390293
E3,2024-10-08,5,GLD,Controls,242.3699951171875,-0.007371925565205384,0.009689347495581924,0.0017634452760284913,-0.009135370841233875,-0.014633597868624167
E3,2024-10-08,5,GLD,Controls,242.3699951171875,-0.007371925565205384,-0.05388689691892434,0.002960155586080859,-0.010332081151286244,-0.02496567901991041
E3,2024-10-09,6,GLD,Controls,241.0500030517578,-0.005446185963701722,0.007113411987488272,0.0018119327041387035,-0.007258118667840425,-0.032223797687750834
E3,2024-10-09,6,GLD,Controls,241.0500030517578,-0.005446185963701722,-0.02614376582389244,0.002437940231583076,-0.007884126195284797,-0.040107923883035634
E3,2024-10-10,7,GLD,Controls,242.82000732421875,0.007342892553628744,-0.002070122839989974,0.001984796498028684,0.00535809605560006,-0.034749827827435575
E3,2024-10-10,7,GLD,Controls,242.82000732421875,0.007342892553628744,0.003355689970089726,0.0018826651722475868,0.005460227381381157,-0.029289600446054418
E3,2024-10-11,8,GLD,Controls,245.47000122070312,0.010913408354139564,0.006051847587953629,0.0018319147756405206,0.009081493578499043,-0.020208106867555375
E3,2024-10-11,8,GLD,Controls,245.47000122070312,0.010913408354139564,-0.022455863060207304,0.0023685219873879905,0.008544886366751573,-0.011663220500803801
E3,2024-10-14,9,GLD,Controls,245.07000732421875,-0.001629502157067031,0.0077076668832223305,0.0018007469071940547,-0.003430249064261086,-0.015093469565064887
E3,2024-10-14,9,GLD,Controls,245.07000732421875,-0.001629502157067031,-0.037145569674535084,0.002645029722610542,-0.004274531879677573,-0.01936800144474246
E3,2024-10-15,10,GLD,Controls,245.9199981689453,0.003468359323146597,-0.007609466332438197,0.002089064838025529,0.001379294485121068,-0.017988706959621393
E3,2024-10-15,10,GLD,Controls,245.9199981689453,0.003468359323146597,0.047715664482478326,0.001047667142063171,0.002420692181083426,-0.015568014778537967
E3,2024-09-17,-10,ITA,Defense,143.79693603515625,-0.002396122758974162,0.00026455008109871336,0.0017916339762422758,-0.004187756735216437,-0.004187756735216437
E3,2024-09-17,-10,ITA,Defense,143.79693603515625,-0.002396122758974162,0.027421309068831112,0.0003886770976174749,-0.0027847998565916367,-0.006972556591808074
E3,2024-09-18,-9,ITA,Defense,143.8857421875,0.0006175802822532273,-0.002896455862498093,0.0019549360489950055,-0.0013373557667417783,-0.008309912358549852
E3,2024-09-18,-9,ITA,Defense,143.8857421875,0.0006175802822532273,0.03520720672322497,-1.3553473248325643e-05,0.0006311337555015529,-0.0076787786030482995
E3,2024-09-19,-8,ITA,Defense,145.3363494873047,0.010081661169140554,0.01697685316676334,0.0009282525770743084,0.009153408592066247,0.0014746299890179473
E3,2024-09-19,-8,ITA,Defense,145.3363494873047,0.010081661169140554,-0.10422378860340853,0.007189650490647697,0.002892010678492858,0.004366640667510805
E3,2024-09-20,-7,ITA,Defense,145.9382781982422,0.004141625361177015,-0.0019410273951238066,0.0019055772525000988,0.002236048108676916,0.006602688776187721
E3,2024-09-20,-7,ITA,Defense,145.9382781982422,0.004141625361177015,-0.011022676424785383,0.0023747481863797843,0.0017668771747972305,0.008369565950984951
E3,2024-09-23,-6,ITA,Defense,147.64547729492188,0.011698089889484953,0.0028092730585327352,0.0016601699599729414,0.010037919929512012,0.01840748588049696
E3,2024-09-23,-6,ITA,Defense,147.64547729492188,0.011698089889484953,-0.01609902670890473,0.0026369996779009707,0.009061090211583982,0.02746857609208094
E3,2024-09-24,-5,ITA,Defense,147.24087524414062,-0.0027403619683727953,0.0025111788443470395,0.0016755699319820827,-0.004415931900354878,0.023052644191726063
E3,2024-09-24,-5,ITA,Defense,147.24087524414062,-0.0027403619683727953,-0.031466330345934046,0.003430896488386545,-0.00617125845675934,0.01688138573496672
E3,2024-09-25,-4,ITA,Defense,147.00070190429688,-0.0016311594144323704,-0.0018612489301417234,0.0019014557832826822,-0.003532615197715053,0.01334877053725167
E3,2024-09-25,-4,ITA,Defense,147.00070190429688,-0.0016311594144323704,0.0012995129072905787,0.0017381663214023606,-0.003369325735834731,0.009979444801416939
E3,2024-09-26,-3,ITA,Defense,146.07168579101562,-0.006319807329124738,0.00403867571712313,0.0015966572662362492,-0.007916464595360988,0.002062980206055951
E3,2024-09-26,-3,ITA,Defense,146.07168579101562,-0.006319807329124738,-0.002595714617073419,0.001939399327578973,-0.00825920665670371,-0.0061962264506477596
E3,2024-09-27,-2,ITA,Defense,146.77340698242188,0.004803950797214629,-0.0012532169669905446,0.0018700439853758688,0.0029339068118387603,-0.0032623196388089993
E3,2024-09-27,-2,ITA,Defense,146.77340698242188,0.004803950797214629,0.10344822451218505,-0.0035389817231594243,0.008342932520374054,0.0050806128815650544
E3,2024-09-30,-1,ITA,Defense,147.89019775390625,0.007608944933860773,0.004236552581176722,0.0015864346653850173,0.0060225102684757555,0.011103123150040809
E3,2024-09-30,-1,ITA,Defense,147.89019775390625,0.007608944933860773,-0.013561294495994303,0.00250589681449158,0.005103048119369192,0.01620617126941
E3,2024-10-01,0,ITA,Defense,149.5802001953125,0.011427413493749317,-0.009324107094664358,0.002286997673640363,0.009140415820108954,0.02534658708951895
E3,2024-10-01,0,ITA,Defense,149.5802001953125,0.011427413493749317,0.15122538887453674,-0.006007218135819283,0.017434631629568598,0.04278121871908755
E3,2024-10-02,1,ITA,Defense,149.590087890625,6.61029688393544e-05,0.00013839090212397487,0.0017981515392557496,-0.0017320485704163952,0.041049170148671155
E3,2024-10-02,1,ITA,Defense,149.590087890625,6.61029688393544e-05,-0.018691620253031727,0.002770936755880501,-0.0027048337870411465,0.03834433636163001
E3,2024-10-03,2,ITA,Defense,148.6116485595703,-0.006540803236709691,-0.001681413492255035,0.001892165228223531,-0.008432968464933223,0.029911367896696787
E3,2024-10-03,2,ITA,Defense,148.6116485595703,-0.006540803236709691,0.0841269938984015,-0.002540819409116399,-0.003999983827593293,0.025911384069103496
E3,2024-10-04,3,ITA,Defense,150.02493286132812,0.00950991604935525,0.008970249395274354,0.0013418851405443463,0.008168030908810903,0.0340794149779144
E3,2024-10-04,3,ITA,Defense,150.02493286132812,0.00950991604935525,-0.06246953152482426,0.005032566053335779,0.00447734999601947,0.03855676497393387
E3,2024-10-07,4,ITA,Defense,149.56044006347656,-0.0030961040207957424,-0.009586022165882668,0.00230052857955396,-0.005396632600349702,0.03316013237358417
E3,2024-10-07,4,ITA,Defense,149.56044006347656,-0.0030961040207957424,0.17855286145995897,-0.0074189943222363695,0.004322890301440627,0.0374830226750248
E3,2024-10-08,5,ITA,Defense,149.6098175048828,0.0003301504153456758,0.009689347495581924,0.001304735507678058,-0.0009745850923323822,0.03650843758269241
E3,2024-10-08,5,ITA,Defense,149.6098175048828,0.0003301504153456758,-0.05388689691892434,0.004589174915884145,-0.004259024500538469,0.03224941308215394
E3,2024-10-09,6,ITA,Defense,150.064453125,0.003038808733941245,0.007113411987488272,0.0014378120077716957,0.0016009967261695493,0.03385040980832349
E3,2024-10-09,6,ITA,Defense,150.064453125,0.003038808733941245,-0.02614376582389244,0.0031559252183798467,-0.00011711648443860165,0.03373329332388489
E3,2024-10-10,7,ITA,Defense,148.6314239501953,-0.009549424563664033,-0.002070122839989974,0.0019122465071948853,-0.011461671070858919,0.02227162225302597
E3,2024-10-10,7,ITA,Defense,148.6314239501953,-0.009549424563664033,0.003355689970089726,0.001631941283457747,-0.01118136584712178,0.01109025640590419
E3,2024-10-11,8,ITA,Defense,151.07252502441406,0.016423855799408527,0.006051847587953629,0.0014926539378084542,0.014931201861600072,0.026021458267504263
E3,2024-10-11,8,ITA,Defense,151.07252502441406,0.016423855799408527,-0.022455863060207304,0.002965402904861185,0.013458452894547342,0.0394799111620516
E3,2024-10-14,9,ITA,Defense,151.95211791992188,0.0058223220626363315,0.0077076668832223305,0.0014071119528055202,0.004415210109830811,0.043895121271882415
E3,2024-10-14,9,ITA,Defense,151.95211791992188,0.0058223220626363315,-0.037145569674535084,0.0037242940873053482,0.002098027975330983,0.0459931492472134
E3,2024-10-15,10,ITA,Defense,151.17135620117188,-0.005138208861040439,-0.007609466332438197,0.002198416887810127,-0.007336625748850566,0.038656523498362835
E3,2024-10-15,10,ITA,Defense,151.17135620117188,-0.005138208861040439,0.047715664482478326,-0.0006597582306812596,-0.004478450630359179,0.03417807286800366
E3,2024-09-17,-10,JETS,Airlines,19.500280380249023,0.018125422734996732,0.00026455008109871336,0.00022571300379625468,0.01789970973120048,0.01789970973120048
E3,2024-09-17,-10,JETS,Airlines,19.500280380249023,0.018125422734996732,0.027421309068831112,-0.0017870743132790284,0.01991249704827576,0.037812206779476235
E3,2024-09-18,-9,JETS,Airlines,19.520116806030277,0.0010172379778368157,-0.002896455862498093,0.000459998423324607,0.0005572395545122087,0.03836944633398844
E3,2024-09-18,-9,JETS,Airlines,19.520116806030277,0.0010172379778368157,0.03520720672322497,-0.002364144502615297,0.0033813824804521126,0.04175082881444055
E3,2024-09-19,-8,JETS,Airlines,19.64906120300293,0.006605718513570391,0.01697685316676334,-0.001012958801817199,0.00761867731538759,0.04936950612982814
E3,2024-09-19,-8,JETS,Airlines,19.64906120300293,0.006605718513570391,-0.10422378860340853,0.007970112951575297,-0.0013643944380049063,0.048005111691823234
E3,2024-09-20,-7,JETS,Airlines,19.62922477722168,-0.0010095355486102742,-0.0019410273951238066,0.00038918458643146545,-0.0013987201350417395,0.04660639155678149
E3,2024-09-20,-7,JETS,Airlines,19.62922477722168,-0.0010095355486102742,-0.011022676424785383,0.0010622924485769183,-0.0020718279971871922,0.0445345635595943
E3,2024-09-23,-6,JETS,Airlines,19.6093864440918,-0.001010652909375187,0.0028092730585327352,3.710485152141877e-05,-0.0010477577608966058,0.043486805798697695
E3,2024-09-23,-6,JETS,Airlines,19.6093864440918,-0.001010652909375187,-0.01609902670890473,0.001438538136566511,-0.0024491910459416982,0.041037614752755996
E3,2024-09-24,-5,JETS,Airlines,19.94662475585937,0.017197800284525444,0.0025111788443470395,5.919880808956195e-05,0.017138601476435884,0.05817621622919188
E3,2024-09-24,-5,JETS,Airlines,19.94662475585937,0.017197800284525444,-0.031466330345934046,0.0025775221321246732,0.014620278152400771,0.07279649438159265
E3,2024-09-25,-4,JETS,Airlines,19.728410720825195,-0.010939897737339055,-0.0018612489301417234,0.0003832716171200609,-0.011323169354459116,0.061473325027133534
E3,2024-09-25,-4,JETS,Airlines,19.728410720825195,-0.010939897737339055,0.0012995129072905787,0.00014900429009649365,-0.011088902027435548,0.05038442299969799
E3,2024-09-26,-3,JETS,Airlines,20.631017684936523,0.04575163082744127,0.00403867571712313,-5.401522948335818e-05,0.04580564605692463,0.09619006905662261
E3,2024-09-26,-3,JETS,Airlines,20.631017684936523,0.04575163082744127,-0.002595714617073419,0.0004377082757858063,0.045313922551655464,0.1415039916082781
E3,2024-09-27,-2,JETS,Airlines,20.67069435119629,0.0019231560394006308,-0.0012532169669905446,0.00033820589243767417,0.0015849501469629567,0.14308894175524103
E3,2024-09-27,-2,JETS,Airlines,20.67069435119629,0.0019231560394006308,0.10344822451218505,-0.007421988672163483,0.009345144711564113,0.15243408646680515
E3,2024-09-30,-1,JETS,Airlines,20.551668167114254,-0.005758209282173743,0.004236552581176722,-6.868134050528165e-05,-0.005689527941668462,0.14674455852513668
E3,2024-09-30,-1,JETS,Airlines,20.551668167114254,-0.005758209282173743,-0.013561294495994303,0.0012504481213114907,-0.007008657403485234,0.13973590112165143
E3,2024-10-01,0,JETS,Airlines,20.293779373168945,-0.012548314416538142,-0.009324107094664358,0.0009363989718779843,-0.013484713388416126,0.12625118773323532
E3,2024-10-01,0,JETS,Airlines,20.293779373168945,-0.012548314416538142,0.15122538887453674,-0.010963106024120088,-0.001585208392418054,0.12466597934081727
E3,2024-10-02,1,JETS,Airlines,20.05572891235352,-0.011730218232793077,0.00013839090212397487,0.0002350635892430561,-0.011965281822036133,0.11270069751878115
E3,2024-10-02,1,JETS,Airlines,20.05572891235352,-0.011730218232793077,-0.018691620253031727,0.0016306943289275866,-0.013360912561720664,0.09933978495706049
E3,2024-10-03,2,JETS,Airlines,19.87719345092773,-0.008901968220951462,-0.001681413492255035,0.0003699426889993481,-0.00927191090995081,0.09006787404710967
E3,2024-10-03,2,JETS,Airlines,19.87719345092773,-0.008901968220951462,0.0841269938984015,-0.0059899500423962896,-0.002912018178555172,0.0871558558685545
E3,2024-10-04,3,JETS,Airlines,20.541748046875,0.03343301948476296,0.008970249395274354,-0.0004195304574635853,0.03385254994222654,0.12100840581078104
E3,2024-10-04,3,JETS,Airlines,20.541748046875,0.03343301948476296,-0.06246953152482426,0.004875397594722883,0.028557621890040078,0.1495660277008211
E3,2024-10-07,4,JETS,Airlines,20.5020751953125,-0.001931327921653403,-0.009586022165882668,0.0009558114258360294,-0.0028871393474894326,0.14667888835333168
E3,2024-10-07,4,JETS,Airlines,20.5020751953125,-0.001931327921653403,0.17855286145995897,-0.012988546182590679,0.011057218260937276,0.15773610661426896
E3,2024-10-08,5,JETS,Airlines,20.66077423095703,0.007740632796079838,0.009689347495581924,-0.00047282811115951557,0.008213460907239354,0.1659495675215083
E3,2024-10-08,5,JETS,Airlines,20.66077423095703,0.007740632796079838,-0.05388689691892434,0.004239275364907077,0.0035013574311727616,0.16945092495268108
E3,2024-10-09,6,JETS,Airlines,20.60126304626465,-0.0028803947048225975,0.007113411987488272,-0.000281906568473331,-0.0025984881363492664,0.1668524368163318
E3,2024-10-09,6,JETS,Airlines,20.60126304626465,-0.0028803947048225975,-0.02614376582389244,0.0021830276945108288,-0.005063422399333426,0.16178901441699836
E3,2024-10-10,7,JETS,Airlines,20.69053077697754,0.00433311930984126,-0.002070122839989974,0.00039875280015815473,0.0039343665096831055,0.16572338092668146
E3,2024-10-10,7,JETS,Airlines,20.69053077697754,0.00433311930984126,0.003355689970089726,-3.3941281217036642e-06,0.004336513437962964,0.17005989436464441
E3,2024-10-11,8,JETS,Airlines,20.88890647888184,0.009587753163153856,0.006051847587953629,-0.00020322621635151904,0.009790979379505375,0.1798508737441498
E3,2024-10-11,8,JETS,Airlines,20.88890647888184,0.009587753163153856,-0.022455863060207304,0.0019096900730109462,0.007678063090142909,0.1875289368342927
E3,2024-10-14,9,JETS,Airlines,21.06744384765625,0.008546994499444294,0.0077076668832223305,-0.00032595117327259034,0.008872945672716884,0.19640188250700957
E3,2024-10-14,9,JETS,Airlines,21.06744384765625,0.008546994499444294,-0.037145569674535084,0.0029984523652355948,0.005548542134208699,0.20195042464121826
E3,2024-10-15,10,JETS,Airlines,21.14679336547852,0.003766452085790073,-0.007609466332438197,0.0008093143230394342,0.002957137762750639,0.2049075624039689
E3,2024-10-15,10,JETS,Airlines,21.14679336547852,0.003766452085790073,0.047715664482478326,-0.003291238385407801,0.007057690471197874,0.21196525287516677
E3,2024-09-17,-10,LMT,Defense,537.60546875,-0.010315357394785174,0.00026455008109871336,0.0035756530862234856,-0.013891010481008659,-0.013891010481008659
E3,2024-09-17,-10,LMT,Defense,537.60546875,-0.010315357394785174,0.027421309068831112,0.003660773144887465,-0.01397613053967264,-0.0278671410206813
E3,2024-09-18,-9,LMT,Defense,536.1642456054688,-0.002680819352307351,-0.002896455862498093,0.00356574523928646,-0.006246564591593811,-0.03411370561227511
E3,2024-09-18,-9,LMT,Defense,536.1642456054688,-0.002680819352307351,0.03520720672322497,0.0036851772376362765,-0.0063659965899436274,-0.040479702202218734
E3,2024-09-19,-8,LMT,Defense,535.8703002929688,-0.0005482374382649313,0.01697685316676334,0.003628036075655494,-0.004176273513920425,-0.04465597571613916
E3,2024-09-19,-8,LMT,Defense,535.8703002929688,-0.0005482374382649313,-0.10422378860340853,0.003248145171065247,-0.0037963826093301784,-0.04845235832546934
E3,2024-09-20,-7,LMT,Defense,542.2607421875,0.011925351882792423,-0.0019410273951238066,0.0035687399312240684,0.008356611951568355,-0.04009574637390098
E3,2024-09-20,-7,LMT,Defense,542.2607421875,0.011925351882792423,-0.011022676424785383,0.0035402744395017435,0.00838507744329068,-0.0317106689306103
E3,2024-09-23,-6,LMT,Defense,550.4053955078125,0.015019810004051948,0.0028092730585327352,0.003583629257799063,0.011436180746252885,-0.02027448818435742
E3,2024-09-23,-6,LMT,Defense,550.4053955078125,0.015019810004051948,-0.01609902670890473,0.003524363143379171,0.011495446860672777,-0.008779041323684641
E3,2024-09-24,-5,LMT,Defense,548.6228637695312,-0.003238579695674426,0.0025111788443470395,0.0035826949122458865,-0.006821274607920313,-0.015600315931604953
E3,2024-09-24,-5,LMT,Defense,548.6228637695312,-0.003238579695674426,-0.031466330345934046,0.0034761959159245984,-0.006714775611599024,-0.022315091543203977
E3,2024-09-25,-4,LMT,Defense,547.9686279296875,-0.0011925056045760662,-0.0018612489301417234,0.0035689899885899884,-0.004761495593166055,-0.027076587136370033
E3,2024-09-25,-4,LMT,Defense,547.9686279296875,-0.0011925056045760662,0.0012995129072905787,0.0035788970704014314,-0.004771402674977498,-0.03184798981134753
E3,2024-09-26,-3,LMT,Defense,547.45654296875,-0.0009345151069546365,0.00403867571712313,0.0035874826935668636,-0.0045219978005215,-0.036369987611869034
E3,2024-09-26,-3,LMT,Defense,547.45654296875,-0.0009345151069546365,-0.002595714617073419,0.0035666878816859007,-0.004501202988640537,-0.040871190600509574
E3,2024-09-27,-2,LMT,Defense,552.159423828125,0.00859041858166898,-0.0012532169669905446,0.003570895802033941,0.005019522779635038,-0.03585166782087454
E3,2024-09-27,-2,LMT,Defense,552.159423828125,0.00859041858166898,0.10344822451218505,0.003899071665911385,0.004691346915757594,-0.031160320905116945
E3,2024-09-30,-1,LMT,Defense,554.245361328125,0.0037777812167691938,0.004236552581176722,0.0035881029181777644,0.00018967829859142934,-0.030970642606525517
E3,2024-09-30,-1,LMT,Defense,554.245361328125,0.0037777812167691938,-0.013561294495994303,0.003532317403124746,0.00024546381364444784,-0.03072517879288107
E3,2024-10-01,0,LMT,Defense,574.4407348632812,0.03643760497473991,-0.009324107094664358,0.003545598429786816,0.0328920065449531,0.0021668277520720293
E3,2024-10-01,0,LMT,Defense,574.4407348632812,0.03643760497473991,0.15122538887453674,0.0040488242573439295,0.03238878071739598,0.03455560846946801
E3,2024-10-02,1,LMT,Defense,571.9185791015625,-0.004390628325338097,0.00013839090212397487,0.003575257653295713,-0.00796588597863381,0.026589722490834196
E3,2024-10-02,1,LMT,Defense,571.9185791015625,-0.004390628325338097,-0.018691620253031727,0.003516236926452194,-0.00790686525179029,0.018682857239043907
E3,2024-10-03,2,LMT,Defense,574.4027099609375,0.004343504390567965,-0.001681413492255035,0.003569553664212315,0.0007739507263556499,0.01945680796539956
E3,2024-10-03,2,LMT,Defense,574.4027099609375,0.004343504390567965,0.0841269938984015,0.0038385112623651276,0.0005049931282028373,0.019961801093602394
E3,2024-10-04,3,LMT,Defense,573.7484741210938,-0.0011389845982590074,0.008970249395274354,0.0036029402023579384,-0.004741924800616946,0.015219876292985449
E3,2024-10-04,3,LMT,Defense,573.7484741210938,-0.0011389845982590074,-0.06246953152482426,0.003379019581137726,-0.0045180041793967335,0.010701872113588716
E3,2024-10-07,4,LMT,Defense,574.1372680664062,0.0006776383081594783,-0.009586022165882668,0.003544777484023842,-0.0028671391758643638,0.007834732937724352
E3,2024-10-07,4,LMT,Defense,574.1372680664062,0.0006776383081594783,0.17855286145995897,0.004134479400163447,-0.0034568410920039682,0.0043778918457203836
E3,2024-10-08,5,LMT,Defense,576.5171508789062,0.004145146021464541,0.009689347495581924,0.0036051941411475775,0.0005399518803169633,0.004917843726037346
E3,2024-10-08,5,LMT,Defense,576.5171508789062,0.004145146021464541,-0.05388689691892434,0.003405920963643485,0.0007392250578210557,0.005657068783858402
E3,2024-10-09,6,LMT,Defense,573.7294921875,-0.004835343904611378,0.007113411987488272,0.0035971201371155573,-0.008432464041726935,-0.002775395257868533
E3,2024-10-09,6,LMT,Defense,573.7294921875,-0.004835343904611378,-0.02614376582389244,0.003492878945168392,-0.00832822284977977,-0.011103618107648303
E3,2024-10-10,7,LMT,Defense,566.5047607421875,-0.012592574625658992,-0.002070122839989974,0.0035683352948738607,-0.016160909920532852,-0.027264528028181155
E3,2024-10-10,7,LMT,Defense,566.5047607421875,-0.012592574625658992,0.003355689970089726,0.003585341945222026,-0.016177916570881017,-0.04344244459906217
E3,2024-10-11,8,LMT,Defense,572.8382568359375,0.011179952107467583,0.006051847587953629,0.0035937927730510604,0.0075861593344165226,-0.03585628526464565
E3,2024-10-11,8,LMT,Defense,572.8382568359375,0.011179952107467583,-0.022455863060207304,0.0035044382958160057,0.007675513811651578,-0.02818077145299407
E3,2024-10-14,9,LMT,Defense,579.1908569335938,0.011089692460040546,0.0077076668832223305,0.0035989827677633856,0.00749070969227716,-0.02069006176071691
E3,2024-10-14,9,LMT,Defense,579.1908569335938,0.011089692460040546,-0.037145569674535084,0.00345839492630593,0.007631297533734616,-0.013058764226982293
E3,2024-10-15,10,LMT,Defense,573.6253051757812,-0.0096091844185493,-0.007609466332438197,0.0035509727943173653,-0.013160157212866664,-0.026218921439848955
E3,2024-10-15,10,LMT,Defense,573.6253051757812,-0.0096091844185493,0.047715664482478326,0.003724383707699384,-0.013333568126248682,-0.03955248956609764
E3,2024-09-17,-10,XLE,Energy,41.18595123291016,0.01351509920791738,0.00026455008109871336,-0.00017466149312442595,0.013689760701041807,0.013689760701041807
E3,2024-09-17,-10,XLE,Energy,41.18595123291016,0.01351509920791738,0.027421309068831112,-0.0012274733992086932,0.014742572607126074,0.02843233330816788
E3,2024-09-18,-9,XLE,Energy,41.265750885009766,0.0019375454423360416,-0.002896455862498093,-5.211576908846152e-05,0.001989661211424503,0.030421994519592384
E3,2024-09-18,-9,XLE,Energy,41.265750885009766,0.0019375454423360416,0.03520720672322497,-0.001529316699206396,0.0034668621415424377,0.03388885666113482
E3,2024-09-19,-8,XLE,Energy,41.75862884521485,0.011943995919970751,0.01697685316676334,-0.0008225632429107225,0.012766559162881474,0.0466554158240163
E3,2024-09-19,-8,XLE,Energy,41.75862884521485,0.011943995919970751,-0.10422378860340853,0.0038761373177243997,0.00806785860224635,0.05472327442626265
E3,2024-09-20,-7,XLE,Energy,41.66474914550781,-0.0022481509164253843,-0.0019410273951238066,-8.915577324793742e-05,-0.002158995143177447,0.052564279283085207
E3,2024-09-20,-7,XLE,Energy,41.66474914550781,-0.0022481509164253843,-0.011022676424785383,0.00026292115278088213,-0.0025110720692062666,0.05005320721387894
E3,2024-09-23,-6,XLE,Energy,42.17921447753906,0.012347736217841021,0.0028092730585327352,-0.0002733151892278155,0.012621051407068836,0.06267425862094778
E3,2024-09-23,-6,XLE,Energy,42.17921447753906,0.012347736217841021,-0.01609902670890473,0.00045972085266367594,0.011888015365177345,0.07456227398612512
E3,2024-09-24,-5,XLE,Energy,42.07508087158203,-0.002468837014792724,0.0025111788443470395,-0.00026175868729136185,-0.0022070783275013623,0.07235519565862376
E3,2024-09-24,-5,XLE,Energy,42.07508087158203,-0.002468837014792724,-0.031466330345934046,0.001055479729515846,-0.00352431674430857,0.06883087891431519
E3,2024-09-25,-4,XLE,Energy,41.25156784057617,-0.01957246460248796,-0.0018612489301417234,-9.224862088193549e-05,-0.019480215981606024,0.04935066293270916
E3,2024-09-25,-4,XLE,Energy,41.25156784057617,-0.01957246460248796,0.0012995129072905787,-0.0002147848814220367,-0.019357679721065925,0.02999298321164324
E3,2024-09-26,-3,XLE,Energy,40.4422492980957,-0.01961909776637394,0.00403867571712313,-0.0003209766114512962,-0.019298121154922642,0.010694862056720596
E3,2024-09-26,-3,XLE,Energy,40.4422492980957,-0.01961909776637394,-0.002595714617073419,-6.37748910027053e-05,-0.019555322875371234,-0.008860460818650637
E3,2024-09-27,-2,XLE,Energy,41.265769958496094,0.02036287977778639,-0.0012532169669905446,-0.00011582077433274033,0.02047870055211913,0.011618239733468493
E3,2024-09-27,-2,XLE,Energy,41.265769958496094,0.02036287977778639,0.10344822451218505,-0.004174881143917202,0.024537760921703594,0.03615600065517209
E3,2024-09-30,-1,XLE,Energy,41.55447769165039,0.0069963006492952395,0.004236552581176722,-0.00032864789205250305,0.007324948541347742,0.04348094919651983
E3,2024-09-30,-1,XLE,Energy,41.55447769165039,0.0069963006492952395,-0.013561294495994303,0.0003613381741779041,0.0066349624751173356,0.05011591167163717
E3,2024-10-01,0,XLE,Energy,42.50104522705078,0.022778953989610162,-0.009324107094664358,0.00019707109994987915,0.022581882889660284,0.07269779456129745
E3,2024-10-01,0,XLE,Energy,42.50104522705078,0.022778953989610162,0.15122538887453674,-0.006027103918451937,0.0288060579080621,0.10150385246935956
E3,2024-10-02,1,XLE,Energy,42.93647003173828,0.010245037559931891,0.00013839090212397487,-0.00016977056023562208,0.010414808120167512,0.11191866058952707
E3,2024-10-02,1,XLE,Energy,42.93647003173828,0.010245037559931891,-0.018691620253031727,0.0005602303925585921,0.0096848071673733,0.12160346775690037
E3,2024-10-03,2,XLE,Energy,43.69372177124024,0.01763656255258539,-0.001681413492255035,-9.922047235465767e-05,0.017735783024940045,0.13933925078184042
E3,2024-10-03,2,XLE,Energy,43.69372177124024,0.01763656255258539,0.0841269938984015,-0.0034258366191423518,0.02106239917172774,0.16040164995356815
E3,2024-10-04,3,XLE,Energy,44.10074615478516,0.009315397431143735,0.008970249395274354,-0.0005121636189448929,0.009827561050088628,0.1702292110036568
E3,2024-10-04,3,XLE,Energy,44.10074615478516,0.009315397431143735,-0.06246953152482426,0.002257410318604412,0.007057987112539323,0.17728719811619612
E3,2024-10-07,4,XLE,Energy,44.256935119628906,0.0035416399599124126,-0.009586022165882668,0.00020722501063878392,0.003334414949273629,0.18062161306546975
E3,2024-10-07,4,XLE,Energy,44.256935119628906,0.0035416399599124126,0.17855286145995897,-0.007086534040953691,0.010628174000866103,0.19124978706633586
E3,2024-10-08,5,XLE,Energy,43.10211944580078,-0.02609343983505852,0.009689347495581924,-0.0005400415789764409,-0.025553398256082077,0.16569638881025378
E3,2024-10-08,5,XLE,Energy,43.10211944580078,-0.02609343983505852,-0.05388689691892434,0.0019246791593838255,-0.028018118994442343,0.13767826981581144
E3,2024-10-09,6,XLE,Energy,43.36241912841797,0.006039138816468226,0.007113411987488272,-0.0004401778370088773,0.006479316653477103,0.14415758646928853
E3,2024-10-09,6,XLE,Energy,43.36241912841797,0.006039138816468226,-0.02614376582389244,0.0008491348080825307,0.005190004008385695,0.14934759047767424
E3,2024-10-10,7,XLE,Energy,43.655860900878906,0.006767190999928063,-0.002070122839989974,-8.41510073464636e-05,0.006851342007274527,0.15619893248494876
E3,2024-10-10,7,XLE,Energy,43.655860900878906,0.006767190999928063,0.003355689970089726,-0.00029449865336773234,0.007061689653295795,0.16326062213824455
E3,2024-10-11,8,XLE,Energy,43.92563247680664,0.006179504203118524,0.006051847587953629,-0.00039902316021515026,0.006578527363333675,0.16983914950157822
E3,2024-10-11,8,XLE,Energy,43.92563247680664,0.006179504203118524,-0.022455863060207304,0.0007061623738593338,0.0054733418292591905,0.1753124913308374
E3,2024-10-14,9,XLE,Energy,43.90670394897461,-0.0004309221464716684,0.0077076668832223305,-0.0004632158817829353,3.229373531126692e-05,0.17534478506614867
E3,2024-10-14,9,XLE,Energy,43.90670394897461,-0.0004309221464716684,-0.037145569674535084,0.0012756522024296492,-0.0017065743489013175,0.17363821071724736
E3,2024-10-15,10,XLE,Energy,42.4915771484375,-0.032230312760021196,-0.007609466332438197,0.0001305979906239625,-0.03236091075064516,0.1412772999666022
E3,2024-10-15,10,XLE,Energy,42.4915771484375,-0.032230312760021196,0.047715664482478326,-0.002014243978696668,-0.030216068781324528,0.11106123118527768
E3,2024-09-17,-10,XOM,Energy,107.0918197631836,0.013042341728045415,0.00026455008109871336,0.0006526936253674862,0.012389648102677928,0.012389648102677928
E3,2024-09-17,-10,XOM,Energy,107.0918197631836,0.013042341728045415,0.027421309068831112,5.584967954939707e-05,0.012986492048496017,0.025376140151173947
E3,2024-09-18,-9,XOM,Energy,107.46698760986328,0.0035032353312260955,-0.002896455862498093,0.000722165363912686,0.0027810699673134097,0.028157210118487357
E3,2024-09-18,-9,XOM,Energy,107.46698760986328,0.0035032353312260955,0.03520720672322497,-0.00011526668525258183,0.0036185020164786774,0.031775712134966036
E3,2024-09-19,-8,XOM,Energy,108.79884338378906,0.012393161877401804,0.01697685316676334,0.0002853951225578625,0.012107766754843942,0.04388347888980998
E3,2024-09-19,-8,XOM,Energy,108.79884338378906,0.012393161877401804,-0.10422378860340853,0.0029491102331302066,0.009444051644271596,0.053327530534081576
E3,2024-09-20,-7,XOM,Energy,108.11415100097656,-0.006293195419341369,-0.0019410273951238066,0.0007011672139982505,-0.006994362633339619,0.046333167900741955
E3,2024-09-20,-7,XOM,Energy,108.11415100097656,-0.006293195419341369,-0.011022676424785383,0.0009007612540619701,-0.007193956673403339,0.03913921122733861
E3,2024-09-23,-6,XOM,Energy,110.0744171142578,0.018131448058668287,0.0028092730585327352,0.0005967663881168346,0.01753468167055145,0.056673892897890064
E3,2024-09-23,-6,XOM,Energy,110.0744171142578,0.018131448058668287,-0.01609902670890473,0.0010123279154333519,0.017119120143234936,0.073793013041125
E3,2024-09-24,-5,XOM,Energy,109.78366088867188,-0.0026414514217605323,0.0025111788443470395,0.0006033178225903114,-0.0032447692443508436,0.07054824379677416
E3,2024-09-24,-5,XOM,Energy,109.78366088867188,-0.0026414514217605323,-0.031466330345934046,0.0013500663820689503,-0.003991517803829482,0.06655672599294468
E3,2024-09-25,-4,XOM,Energy,107.64520263671876,-0.019478838969686496,-0.0018612489301417234,0.0006994138643495415,-0.02017825283403604,0.04637847315890864
E3,2024-09-25,-4,XOM,Energy,107.64520263671876,-0.019478838969686496,0.0012995129072905787,0.0006299474907039782,-0.020108786460390476,0.026269686698518164
E3,2024-09-26,-3,XOM,Energy,105.7974853515625,-0.017164882780628332,0.00403867571712313,0.000569746907107197,-0.01773462968773553,0.008535057010782634
E3,2024-09-26,-3,XOM,Energy,105.7974853515625,-0.017164882780628332,-0.002595714617073419,0.0007155557536984999,-0.01788043853432683,-0.009345381523544197
E3,2024-09-27,-2,XOM,Energy,108.63002014160156,0.026773176891932815,-0.0012532169669905446,0.0006860507013802563,0.02608712619055256,0.01674174466700836
E3,2024-09-27,-2,XOM,Energy,108.63002014160156,0.026773176891932815,0.10344822451218505,-0.0016150494222943654,0.02838822631422718,0.04512997098123554
E3,2024-09-30,-1,XOM,Energy,109.943115234375,0.01208777362889002,0.004236552581176722,0.0005653980226036667,0.011522375606286352,0.0566523465875219
E3,2024-09-30,-1,XOM,Energy,109.943115234375,0.01208777362889002,-0.013561294495994303,0.000956554319325387,0.011131219309564632,0.06778356589708653
E3,2024-10-01,0,XOM,Energy,112.48487091064452,0.02311882532026721,-0.009324107094664358,0.0008634305541175113,0.0222553947661497,0.09003896066323623
E3,2024-10-01,0,XOM,Energy,112.48487091064452,0.02311882532026721,0.15122538887453674,-0.002665083092030388,0.0257839084122976,0.11582286907553382
E3,2024-10-02,1,XOM,Energy,113.97615814208984,0.01325766940364792,0.00013839090212397487,0.0006554663178752508,0.01260220308577267,0.1284250721613065
E3,2024-10-02,1,XOM,Energy,113.97615814208984,0.01325766940364792,-0.018691620253031727,0.0010693072391250436,0.012188362164522877,0.14061343432582937
E3,2024-10-03,2,XOM,Energy,114.9703598022461,0.008722891492068063,-0.001681413492255035,0.0006954614894584618,0.008027430002609602,0.14864086432843898
E3,2024-10-03,2,XOM,Energy,114.9703598022461,0.008722891492068063,0.0841269938984015,-0.0011904126118855419,0.009913304103953606,0.1585541684323926
E3,2024-10-04,3,XOM,Energy,117.08067321777344,0.01835528234544248,0.008970249395274354,0.0004613621070472919,0.01789392023839519,0.1764480886707878
E3,2024-10-04,3,XOM,Energy,117.08067321777344,0.01835528234544248,-0.06246953152482426,0.0020314463999481004,0.01632383594549438,0.19277192461628218
E3,2024-10-07,4,XOM,Energy,117.587158203125,0.0043259486935942615,-0.009586022165882668,0.0008691868531164375,0.003456761840477824,0.19622868645676
E3,2024-10-07,4,XOM,Energy,117.587158203125,0.0043259486935942615,0.17855286145995897,-0.003265678935388829,0.0075916276289830905,0.20382031408574308
E3,2024-10-08,5,XOM,Energy,114.46388244628906,-0.02656136779358731,0.009689347495581924,0.0004455579623843835,-0.027006925755971693,0.1768133883297714
E3,2024-10-08,5,XOM,Energy,114.46388244628906,-0.02656136779358731,-0.05388689691892434,0.0018428195646908376,-0.028404187358278148,0.14840920097149324
E3,2024-10-09,6,XOM,Energy,114.5107650756836,0.00040958447671490816,0.007113411987488272,0.0005021711802399475,-9.25867035250393e-05,0.1483166142679682
E3,2024-10-09,6,XOM,Energy,114.5107650756836,0.00040958447671490816,-0.02614376582389244,0.0012330884903904286,-0.0008235040136755204,0.14749311025429268
E3,2024-10-10,7,XOM,Energy,115.49559020996094,0.008600284293153182,-0.002070122839989974,0.0007040044389681326,0.00789627985418505,0.15538939010847774
E3,2024-10-10,7,XOM,Energy,115.49559020996094,0.008600284293153182,0.003355689970089726,0.0005847573841814706,0.00801552690897171,0.16340491701744944
E3,2024-10-11,8,XOM,Energy,115.9364242553711,0.003816890710794718,0.006051847587953629,0.0005255019571284737,0.003291388753666244,0.1666963057711157
E3,2024-10-11,8,XOM,Energy,115.9364242553711,0.003816890710794718,-0.022455863060207304,0.001152036755230663,0.002664853955564055,0.16936115972667976
E3,2024-10-14,9,XOM,Energy,116.3772430419922,0.003802245838202989,0.0077076668832223305,0.0004891108059533159,0.003313135032249673,0.17267429475892943
E3,2024-10-14,9,XOM,Energy,116.3772430419922,0.003802245838202989,-0.037145569674535084,0.0014748831767261745,0.0023273626614768146,0.17500165742040624
E3,2024-10-15,10,XOM,Energy,112.87879943847656,-0.03006123458564236,-0.007609466332438197,0.0008257466405603049,-0.030886981226202665,0.14411467619420357
E3,2024-10-15,10,XOM,Energy,112.87879943847656,-0.03006123458564236,0.047715664482478326,-0.00039017420601027315,-0.02967106037963209,0.11444361581457148
E4,2025-05-30,-10,BNO,Controls,26.93000030517578,-0.007737623035936947,-8.118516130162234e-05,-0.00043561560261460766,-0.007302007433322339,-0.007302007433322339
E4,2025-05-30,-10,BNO,Controls,26.93000030517578,-0.007737623035936947,-0.03180399377715093,0.002395693023000829,-0.010133316058937776,-0.017435323492260117
E4,2025-06-02,-9,BNO,Controls,27.90999984741211,0.03639062499557344,0.0041020419271569075,-0.0008089749442128575,0.0371995999397863,0.01976427644752618
E4,2025-06-02,-9,BNO,Controls,27.90999984741211,0.03639062499557344,-0.011308513081515592,0.0005664403870695134,0.03582418460850392,0.0555884610560301
E4,2025-06-03,-8,BNO,Controls,28.11000061035156,0.007165917736756677,0.005800290454605506,-0.0009605461925985264,0.008126463929355204,0.06371492498538531
E4,2025-06-03,-8,BNO,Controls,28.11000061035156,0.007165917736756677,-0.03649237766997615,0.0028141383730547476,0.00435177936370193,0.06806670434908724
E4,2025-06-04,-7,BNO,Controls,27.809999465942383,-0.010672399071336214,7.36874595066439e-05,-0.0004494382181489407,-0.010222960853187272,0.05784374349589996
E4,2025-06-04,-7,BNO,Controls,27.809999465942383,-0.010672399071336214,-0.004522324550077617,-3.923719831658409e-05,-0.01063316187301963,0.04721058162288033
E4,2025-06-05,-6,BNO,Controls,27.989999771118164,0.006472503007280528,-0.005277383403094138,2.8152945768101026e-05,0.006444350061512427,0.05365493168439276
E4,2025-06-05,-6,BNO,Controls,27.989999771118164,0.006472503007280528,0.04940368550432428,-0.004852215117799113,0.011324718125079642,0.0649796498094724
E4,2025-06-06,-5,BNO,Controls,28.520000457763672,0.018935358734529117,0.010280683010067904,-0.0013604280013639089,0.020295786735893027,0.08527543654536543
E4,2025-06-06,-5,BNO,Controls,28.520000457763672,0.018935358734529117,-0.0925324202830431,0.007815796894266525,0.011119561840262592,0.09639499838562803
E4,2025-06-09,-4,BNO,Controls,28.739999771118164,0.007713860793245653,0.0009199480792858594,-0.0005249682577905902,0.008238829051036243,0.10463382743666427
E4,2025-06-09,-4,BNO,Controls,28.739999771118164,0.007713860793245653,0.0232557769232431,-0.002518474748088253,0.010232335541333905,0.11486616297799818
E4,2025-06-10,-3,BNO,Controls,28.61000061035156,-0.004523283291645863,0.00548298940767844,-0.0009322265944834791,-0.003591056697162384,0.1112751062808358
E4,2025-06-10,-3,BNO,Controls,28.61000061035156,-0.004523283291645863,-0.012237708994171426,0.0006493725269770325,-0.005172655818622896,0.10610245046221291
E4,2025-06-11,-2,BNO,Controls,29.809999465942383,0.0419433355466845,-0.002743888954607865,-0.0001979652637451699,0.042141300810429674,0.14824375127264258
E4,2025-06-11,-2,BNO,Controls,29.809999465942383,0.0419433355466845,0.01828905321468688,-0.0020751871487028027,0.04401852269538731,0.1922622739680299
E4,2025-06-12,-1,BNO,Controls,29.84000015258789,0.0010063967521967143,0.0038224199557175265,-0.0007840182605460663,0.0017904150127427806,0.19405268898077266
E4,2025-06-12,-1,BNO,Controls,29.84000015258789,0.0010063967521967143,0.04403245763636199,-0.004372824910681398,0.005379221662878113,0.19943191064365076
E4,2025-06-13,0,BNO,Controls,31.86000061035156,0.06769438496763813,-0.011296379879250695,0.0005653574804251193,0.06712902748721301,0.2665609381308638
E4,2025-06-13,0,BNO,Controls,31.86000061035156,0.06769438496763813,0.15538286159444614,-0.014311016796842874,0.08200540176448101,0.3485663398953448
E4,2025-06-16,1,BNO,Controls,31.299999237060547,-0.017576941700028215,0.009392659896159117,-0.0012811705959871462,-0.016295771104041068,0.33227056879130373
E4,2025-06-16,1,BNO,Controls,31.299999237060547,-0.017576941700028215,-0.08213252207192678,0.006887590256978277,-0.024464531957006493,0.30780603683429725
E4,2025-06-17,2,BNO,Controls,32.7599983215332,0.04664533929904868,-0.008352184790166306,0.0003025836178657224,0.046342755681182964,0.3541487925154802
E4,2025-06-17,2,BNO,Controls,32.7599983215332,0.04664533929904868,0.13029825701676723,-0.012072177916875268,0.05871751721592395,0.41286630973140415
E4,2025-06-18,3,BNO,Controls,32.7400016784668,-0.0006103981712740625,-0.0003092402101070313,-0.0004152613447486978,-0.0001951368265253647,0.41267117290487876
E4,2025-06-18,3,BNO,Controls,32.7400016784668,-0.0006103981712740625,-0.06759263731651577,0.005589883562026878,-0.00620028173330094,0.4064708911715778
E4,2025-06-20,4,BNO,Controls,33.119998931884766,0.011606512948589609,-0.002178658486505891,-0.0002484129375049961,0.011854925886094604,0.4183258170576724
E4,2025-06-20,4,BNO,Controls,33.119998931884766,0.011606512948589609,0.02383324052292024,-0.0025700142473344817,0.01417652719592409,0.4325023442535965
E4,2025-06-23,5,BNO,Controls,30.649999618530277,-0.07457727635904632,0.009606504133156335,-0.001300256517416117,-0.0732770198416302,0.3592253244119663
E4,2025-06-23,5,BNO,Controls,30.649999618530277,-0.07457727635904632,-0.03831236097838675,0.00297657463467266,-0.07755385099371898,0.28167147341824733
E4,2025-06-24,6,BNO,Controls,29.209999084472656,-0.04698207347405736,0.01112172017970181,-0.001435491840183589,-0.045546581633873776,0.23612489178437357
E4,2025-06-24,6,BNO,Controls,29.209999084472656,-0.04698207347405736,-0.11850733184624884,0.010134097018605426,-0.057116170492662786,0.17900872129171078
E4,2025-06-25,7,BNO,Controls,29.190000534057617,-0.0006846474167016003,-3.2861029504172024e-06,-0.0004425682113356051,-0.00024207920536599523,0.17876664208634477
E4,2025-06-25,7,BNO,Controls,29.190000534057617,-0.0006846474167016003,-0.041189893147009715,0.0032333987308038456,-0.003918046147505446,0.17484859593883934
E4,2025-06-26,8,BNO,Controls,29.309999465942383,0.004110960249718243,0.008020121275230219,-0.0011586694491471797,0.005269629698865423,0.18011822563770477
E4,2025-06-26,8,BNO,Controls,29.309999465942383,0.004110960249718243,-0.010143202504316884,0.0004624346564074688,0.0036485255933107743,0.18376675123101555
E4,2025-06-27,9,BNO,Controls,29.11000061035156,-0.006823570768850318,0.005218970885222163,-0.0009086625422267938,-0.005914908226623524,0.17785184300439202
E4,2025-06-27,9,BNO,Controls,29.11000061035156,-0.006823570768850318,-0.01627489181918751,0.001009697197282033,-0.00783326796613235,0.17001857503825968
E4,2025-06-30,10,BNO,Controls,29.190000534057617,0.0027481938175435427,0.005164427424532603,-0.0009037944559046984,0.003651988273448241,0.1736705633117079
E4,2025-06-30,10,BNO,Controls,29.190000534057617,0.0027481938175435427,0.02512254013963844,-0.002685086187212879,0.005433280004756421,0.17910384331646434
E4,2025-05-30,-10,DAL,Airlines,47.69845199584961,-0.0022680616873838044,-8.118516130162234e-05,-0.0009393618004778362,-0.0013286998869059682,-0.0013286998869059682
E4,2025-05-30,-10,DAL,Airlines,47.69845199584961,-0.0022680616873838044,-0.03180399377715093,0.0055838630528502065,-0.007851924740234011,-0.009180624627139979
E4,2025-06-02,-9,DAL,Airlines,47.80688095092773,0.002273217484868306,0.0041020419271569075,-0.001799567189004315,0.004072784673872621,-0.005107839953267358
E4,2025-06-02,-9,DAL,Airlines,47.80688095092773,0.002273217484868306,-0.011308513081515592,0.0013693361906897033,0.000903881294178603,-0.004203958659088755
E4,2025-06-03,-8,DAL,Airlines,48.13216400146485,0.006804105268256588,0.005800290454605506,-0.0021487814447636758,0.008952886713020265,0.00474892805393151
E4,2025-06-03,-8,DAL,Airlines,48.13216400146485,0.006804105268256588,-0.03649237766997615,0.006547944849704106,0.00025616041855248267,0.0050050884724839925
E4,2025-06-04,-7,DAL,Airlines,48.2800178527832,0.0030718305396335577,7.36874595066439e-05,-0.0009712085685679662,0.004043039108201524,0.009048127580685517
E4,2025-06-04,-7,DAL,Airlines,48.2800178527832,0.0030718305396335577,-0.004522324550077617,-2.6121387600792e-05,0.00309795192723435,0.012146079507919866
E4,2025-06-05,-6,DAL,Airlines,48.14202117919922,-0.0028582564738225402,-0.005277383403094138,0.00012914288093758412,-0.0029873993547601244,0.009158680153159742
E4,2025-06-05,-6,DAL,Airlines,48.14202117919922,-0.0028582564738225402,0.04940368550432428,-0.011115035149541175,0.008256778675718635,0.017415458828878377
E4,2025-06-06,-5,DAL,Airlines,50.22187042236328,0.0432023665026906,0.010280683010067904,-0.0030700935651493877,0.04627246006783999,0.06368791889671838
E4,2025-06-06,-5,DAL,Airlines,50.22187042236328,0.0432023665026906,-0.0925324202830431,0.018071571372876436,0.025130795129814167,0.08881871402653255
E4,2025-06-09,-4,DAL,Airlines,50.46829605102539,0.004906739366528523,0.0009199480792858594,-0.0011452268395913743,0.006051966206119898,0.09487068023265244
E4,2025-06-09,-4,DAL,Airlines,50.46829605102539,0.004906739366528523,0.0232557769232431,-0.005738188187969209,0.010644927554497731,0.10551560778715016
E4,2025-06-10,-3,DAL,Airlines,50.941436767578125,0.009375008739632706,0.00548298940767844,-0.0020835341931610065,0.011458542932793712,0.11697415071994388
E4,2025-06-10,-3,DAL,Airlines,50.941436767578125,0.009375008739632706,-0.012237708994171426,0.001560408612569114,0.007814600127063592,0.12478875084700747
E4,2025-06-11,-2,DAL,Airlines,48.46730422973633,-0.04856817347202247,-0.002743888954607865,-0.0003918246712191094,-0.04817634880080336,0.0766124020462041
E4,2025-06-11,-2,DAL,Airlines,48.46730422973633,-0.04856817347202247,0.01828905321468688,-0.004716870815740055,-0.04385130265628241,0.032761099389921694
E4,2025-06-12,-1,DAL,Airlines,48.18144989013672,-0.005897879903628445,0.0038224199557175265,-0.0017420679613754401,-0.0041558119422530045,0.02860528744766869
E4,2025-06-12,-1,DAL,Airlines,48.18144989013672,-0.005897879903628445,0.04403245763636199,-0.010010538774536275,0.00411265887090783,0.032717946318576524
E4,2025-06-13,0,DAL,Airlines,46.36774826049805,-0.037643151747701054,-0.011296379879250695,0.0013668412159375215,-0.03900999296363857,-0.006292046645062048
E4,2025-06-13,0,DAL,Airlines,46.36774826049805,-0.037643151747701054,0.15538286159444614,-0.03290774599611208,-0.004735405751588977,-0.011027452396651025
E4,2025-06-16,1,DAL,Airlines,48.75315856933594,0.05144546367523484,0.009392659896159117,-0.0028874875885749997,0.05433295126380984,0.043305498867158815
E4,2025-06-16,1,DAL,Airlines,48.75315856933594,0.05144546367523484,-0.08213252207192678,0.015933019414745554,0.03551244426048929,0.0788179431276481
E4,2025-06-17,2,DAL,Airlines,46.64374542236328,-0.04326720993825828,-0.008352184790166306,0.0007614204661314606,-0.044028630404389736,0.034789312723258366
E4,2025-06-17,2,DAL,Airlines,46.64374542236328,-0.04326720993825828,0.13029825701676723,-0.02774954837248591,-0.015517661565772368,0.019271651157485997
E4,2025-06-18,3,DAL,Airlines,46.880313873291016,0.0050718150694286646,-0.0003092402101070313,-0.0008924663827262339,0.005964281452154899,0.025235932609640896
E4,2025-06-18,3,DAL,Airlines,46.880313873291016,0.0050718150694286646,-0.06759263731651577,0.012943153708036491,-0.007871338638607827,0.01736459397103307
E4,2025-06-20,4,DAL,Airlines,46.52545928955078,-0.0075693730357553335,-0.002178658486505891,-0.0005080541476828952,-0.007061318888072438,0.010303275082960632
E4,2025-06-20,4,DAL,Airlines,46.52545928955078,-0.0075693730357553335,0.02383324052292024,-0.005856933187849962,-0.0017124398479053714,0.008590835235055262
E4,2025-06-23,5,DAL,Airlines,47.56045150756836,0.022245717373283957,0.009606504133156335,-0.002931460808550998,0.025177178181834955,0.033768013416890216
E4,2025-06-23,5,DAL,Airlines,47.56045150756836,0.022245717373283957,-0.03831236097838675,0.00692219167298616,0.015323525700297796,0.04909153911718801
E4,2025-06-24,6,DAL,Airlines,48.85173416137695,0.027150344727133513,0.01112172017970181,-0.0032430377276277227,0.030393382454761236,0.07948492157194925
E4,2025-06-24,6,DAL,Airlines,48.85173416137695,0.027150344727133513,-0.11850733184624884,0.023412844610185134,0.0037375001169483793,0.08322242168889762
E4,2025-06-25,7,DAL,Airlines,47.61959838867188,-0.02522194542029621,-3.2861029504172024e-06,-0.0009553803403127217,-0.02426656507998349,0.058955856608914135
E4,2025-06-25,7,DAL,Airlines,47.61959838867188,-0.02522194542029621,-0.041189893147009715,0.0075139043925602405,-0.03273584981285645,0.026220006796057682
E4,2025-06-26,8,DAL,Airlines,48.27016067504883,0.013661650001057346,0.008020121275230219,-0.00260524971510617,0.016266899716163515,0.0424869065122212
E4,2025-06-26,8,DAL,Airlines,48.27016067504883,0.013661650001057346,-0.010143202504316884,0.0011297110360862493,0.012531938964971097,0.055018845477192296
E4,2025-06-27,9,DAL,Airlines,48.88130187988281,0.01266084877877538,0.005218970885222163,-0.0020292435340872298,0.01469009231286261,0.06970893779005491
E4,2025-06-27,9,DAL,Airlines,48.88130187988281,0.01266084877877538,-0.01627489181918751,0.0023905826258630173,0.010270266152912363,0.07997920394296727
E4,2025-06-30,10,DAL,Airlines,48.4771614074707,-0.008267792731977863,0.005164427424532603,-0.002018027652710986,-0.006249765079266877,0.0737294388637004
E4,2025-06-30,10,DAL,Airlines,48.4771614074707,-0.008267792731977863,0.02512254013963844,-0.006122054457691135,-0.002145738274286728,0.07158370058941367
E4,2025-05-30,-10,GLD,Controls,303.6000061035156,-0.006576942326457891,-8.118516130162234e-05,0.002241306623544941,-0.008818248950002832,-0.008818248950002832
E4,2025-05-30,-10,GLD,Controls,303.6000061035156,-0.006576942326457891,-0.03180399377715093,0.002223199527403564,-0.008800141853861455,-0.017618390803864285
E4,2025-06-02,-9,GLD,Controls,311.6700134277344,0.026581051258171673,0.0041020419271569075,0.0022436943722461736,0.0243373568859255,0.006718966082061215
E4,2025-06-02,-9,GLD,Controls,311.6700134277344,0.026581051258171673,-0.011308513081515592,0.0022348981649332245,0.024346153093238447,0.031065119175299662
E4,2025-06-03,-8,GLD,Controls,308.9100036621094,-0.008855551213511115,0.005800290454605506,0.002244663717354636,-0.01110021493086575,0.019964904244433913
E4,2025-06-03,-8,GLD,Controls,308.9100036621094,-0.008855551213511115,-0.03649237766997615,0.0022205234397051797,-0.011076074653216295,0.008888829591217617
E4,2025-06-04,-7,GLD,Controls,310.8999938964844,0.006441974072654677,7.36874595066439e-05,0.002241395023455195,0.0042005790491994825,0.0130894086404171
E4,2025-06-04,-7,GLD,Controls,310.8999938964844,0.006441974072654677,-0.004522324550077617,0.0022387716608036645,0.004203202411851013,0.017292611052268113
E4,2025-06-05,-6,GLD,Controls,309.3299865722656,-0.00504987891618125,-0.005277383403094138,0.0022383406799466564,-0.007288219596127906,0.010004391456140207
E4,2025-06-05,-6,GLD,Controls,309.3299865722656,-0.00504987891618125,0.04940368550432428,0.0022695521462392475,-0.007319431062420497,0.0026849603937197097
E4,2025-06-06,-5,GLD,Controls,305.17999267578125,-0.013416073696802311,0.010280683010067904,0.002247221085453258,-0.015663294782255567,-0.012978334388535857
E4,2025-06-06,-5,GLD,Controls,305.17999267578125,-0.013416073696802311,-0.0925324202830431,0.002188536283345553,-0.015604609980147864,-0.02858294436868372
E4,2025-06-09,-4,GLD,Controls,306.6199951171875,0.004718534884218695,0.0009199480792858594,0.0022418780614670104,0.0024766568227516843,-0.026106287545932038
E4,2025-06-09,-4,GLD,Controls,306.6199951171875,0.004718534884218695,0.0232557769232431,0.0022546271533009795,0.0024639077309177152,-0.02364237981501432
E4,2025-06-10,-3,GLD,Controls,306.7099914550781,0.000293510988597534,0.00548298940767844,0.0022444826047478663,-0.0019509716161503323,-0.025593351431164653
E4,2025-06-10,-3,GLD,Controls,306.7099914550781,0.000293510988597534,-0.012237708994171426,0.002234367788196146,-0.001940856799598612,-0.027534208230763264
E4,2025-06-11,-2,GLD,Controls,308.3699951171875,0.005412290790508978,-0.002743888954607865,0.002239786775975161,0.003172504014533817,-0.024361704216229445
E4,2025-06-11,-2,GLD,Controls,308.3699951171875,0.005412290790508978,0.01828905321468688,0.002251792191718998,0.0031604985987899797,-0.021201205617439465
E4,2025-06-12,-1,GLD,Controls,312.20001220703125,0.0124202002480438,0.0038224199557175265,0.002243534766519537,0.010176665481524263,-0.011024540135915202
E4,2025-06-12,-1,GLD,Controls,312.20001220703125,0.0124202002480438,0.04403245763636199,0.00226648629729188,0.01015371395075192,-0.0008708261851632822
E4,2025-06-13,0,GLD,Controls,316.2900085449219,0.013100564311248064,-0.011296379879250695,0.00223490509045683,0.010865659220791234,0.009994833035627952
E4,2025-06-13,0,GLD,Controls,316.2900085449219,0.013100564311248064,0.15538286159444614,0.002330044114453217,0.010770520196794846,0.020765353232422797
E4,2025-06-16,1,GLD,Controls,311.7799987792969,-0.01425909653729851,0.009392659896159117,0.0022467142097823793,-0.01650581074708089,0.004259542485341907
E4,2025-06-16,1,GLD,Controls,311.7799987792969,-0.01425909653729851,-0.08213252207192678,0.0021944724524612705,-0.01645356898975978,-0.012194026504417872
E4,2025-06-17,2,GLD,Controls,311.94000244140625,0.0005131941200071655,-0.008352184790166306,0.002236585610746903,-0.0017233914907397374,-0.01391741799515761
E4,2025-06-17,2,GLD,Controls,311.94000244140625,0.0005131941200071655,0.13029825701676723,0.0023157260459537735,-0.001802531925946608,-0.015719949921104218
E4,2025-06-18,3,GLD,Controls,310.260009765625,-0.005385627565021256,-0.0003092402101070313,0.002241176451757687,-0.007626804016778943,-0.02334675393788316
E4,2025-06-18,3,GLD,Controls,310.260009765625,-0.005385627565021256,-0.06759263731651577,0.002202771688961384,-0.00758839925398264,-0.0309351531918658
E4,2025-06-20,4,GLD,Controls,310.1300048828125,-0.00041901914110908933,-0.002178658486505891,0.002240109404483623,-0.0026591285455927123,-0.033594281737458515
E4,2025-06-20,4,GLD,Controls,310.1300048828125,-0.00041901914110908933,0.02383324052292024,0.002254956764371806,-0.0026739759054808954,-0.03626825764293941
E4,2025-06-23,5,GLD,Controls,311.0799865722656,0.0030631724583116693,0.009606504133156335,0.002246836270165036,0.0008163361881466332,-0.03545192145479278
E4,2025-06-23,5,GLD,Controls,311.0799865722656,0.0030631724583116693,-0.03831236097838675,0.002219484609469807,0.0008436878488418623,-0.03460823360595092
E4,2025-06-24,6,GLD,Controls,306.19000244140625,-0.015719378751237634,0.01112172017970181,0.002247701141966332,-0.017967079893203966,-0.05257531349915488
E4,2025-06-24,6,GLD,Controls,306.19000244140625,-0.015719378751237634,-0.11850733184624884,0.002173710035561687,-0.01789308878679932,-0.0704684022859542
E4,2025-06-25,7,GLD,Controls,307.1199951171875,0.003037305817845004,-3.2861029504172024e-06,0.002241351087632468,0.000795954730212536,-0.06967244755574167
E4,2025-06-25,7,GLD,Controls,307.1199951171875,0.003037305817845004,-0.041189893147009715,0.0022178421397799973,0.0008194636780650068,-0.06885298387767666
E4,2025-06-26,8,GLD,Controls,306.7799987792969,-0.0011070472235482631,0.008020121275230219,0.002245930776982722,-0.003352978000530985,-0.07220596187820764
E4,2025-06-26,8,GLD,Controls,306.7799987792969,-0.0011070472235482631,-0.010143202504316884,0.0022355633138143156,-0.0033426105373625787,-0.07554857241557023
E4,2025-06-27,9,GLD,Controls,301.2200012207031,-0.018123728993798327,0.005218970885222163,0.0022443319053307023,-0.02036806089912903,-0.09591663331469925
E4,2025-06-27,9,GLD,Controls,301.2200012207031,-0.018123728993798327,-0.01627489181918751,0.002232063400257546,-0.020355792394055872,-0.11627242570875512
E4,2025-06-30,10,GLD,Controls,304.8299865722656,0.01198454729743359,0.005164427424532603,0.0022443007724099527,0.009740246525023637,-0.10653217918373148
E4,2025-06-30,10,GLD,Controls,304.8299865722656,0.01198454729743359,0.02512254013963844,0.002255692685090481,0.009728854612343109,-0.09680332457138838
E4,2025-05-30,-10,ITA,Defense,175.97073364257812,0.005274799148458742,-8.118516130162234e-05,0.0030376818917378407,0.0022371172567209013,0.0022371172567209013
E4,2025-05-30,-10,ITA,Defense,175.97073364257812,0.005274799148458742,-0.03180399377715093,0.006722129242256599,-0.0014473300937978568,0.0007897871629230445
E4,2025-06-02,-9,ITA,Defense,176.9635772705078,0.005642095178998829,0.0041020419271569075,0.002551820751593119,0.0030902744274057103,0.003880061590328755
E4,2025-06-02,-9,ITA,Defense,176.9635772705078,0.005642095178998829,-0.011308513081515592,0.004341680510207271,0.0013004146687915583,0.005180476259120314
E4,2025-06-03,-8,ITA,Defense,178.06564331054688,0.006227643320944054,0.005800290454605506,0.0023545775830183732,0.003873065737925681,0.009053541997045994
E4,2025-06-03,-8,ITA,Defense,178.06564331054688,0.006227643320944054,-0.03649237766997615,0.007266661847213408,-0.0010390185262693537,0.00801452347077664
E4,2025-06-04,-7,ITA,Defense,178.84996032714844,0.004404651015320837,7.36874595066439e-05,0.003019694202680579,0.0013849568126402582,0.0093994802834169
E4,2025-06-04,-7,ITA,Defense,178.84996032714844,0.004404651015320837,-0.004522324550077617,0.003553498270180602,0.0008511527451402355,0.010250633028557134
E4,2025-06-05,-6,ITA,Defense,178.9492645263672,0.0005552374685300343,-0.005277383403094138,0.003641194622170461,-0.0030859571536404266,0.007164675874916707
E4,2025-06-05,-6,ITA,Defense,178.9492645263672,0.0005552374685300343,0.04940368550432428,-0.0027097411319485336,0.003264978600478568,0.010429654475395275
E4,2025-06-06,-5,ITA,Defense,180.6569366455078,0.009542772492864948,0.010280683010067904,0.0018342021433730383,0.00770857034949191,0.018138224824887184
E4,2025-06-06,-5,ITA,Defense,180.6569366455078,0.009542772492864948,-0.0925324202830431,0.01377543567707894,-0.004232663184213992,0.013905561640673192
E4,2025-06-09,-4,ITA,Defense,181.33204650878903,0.0037369717200836927,0.0009199480792858594,0.002921405216476625,0.0008155665036070677,0.01472112814428026
E4,2025-06-09,-4,ITA,Defense,181.33204650878903,0.0037369717200836927,0.0232557769232431,0.0003272091475748787,0.003409762572508814,0.018130890716789073
E4,2025-06-10,-3,ITA,Defense,177.8472137451172,-0.01921796412032961,0.00548298940767844,0.0023914305305560374,-0.021609394650885648,-0.0034785039340965752
E4,2025-06-10,-3,ITA,Defense,177.8472137451172,-0.01921796412032961,-0.012237708994171426,0.004449602020561407,-0.02366756614089102,-0.027146070074987594
E4,2025-06-11,-2,ITA,Defense,179.39602661132812,0.00870867096310346,-0.002743888954607865,0.0033469417701825844,0.005361729192920875,-0.021784340882066718
E4,2025-06-11,-2,ITA,Defense,179.39602661132812,0.00870867096310346,0.01828905321468688,0.0009040695457303506,0.00780460141737311,-0.013979739464693608
E4,2025-06-12,-1,ITA,Defense,178.18475341796875,-0.006751951067364925,0.0038224199557175265,0.002584297460837014,-0.009336248528201939,-0.023315987992895547
E4,2025-06-12,-1,ITA,Defense,178.18475341796875,-0.006751951067364925,0.04403245763636199,-0.0020858995759628907,-0.004666051491402035,-0.02798203948429758
E4,2025-06-13,0,ITA,Defense,178.92941284179688,0.004179142207983322,-0.011296379879250695,0.004340271298763241,-0.00016112909077991948,-0.028143168575077503
E4,2025-06-13,0,ITA,Defense,178.92941284179688,0.004179142207983322,0.15538286159444614,-0.015018698364705093,0.019197840572688415,-0.008945328002389088
E4,2025-06-16,1,ITA,Defense,178.0469207763672,-0.004932068190543704,0.009392659896159117,0.001937341636753393,-0.006869409827297097,-0.015814737829686183
E4,2025-06-16,1,ITA,Defense,178.0469207763672,-0.004932068190543704,-0.08213252207192678,0.012567538927657204,-0.017499607118200908,-0.03331434494788709
E4,2025-06-17,2,ITA,Defense,178.86181640625,0.004576858877028078,-0.008352184790166306,0.003998317598296519,0.0005785412787315597,-0.03273580366915553
E4,2025-06-17,2,ITA,Defense,178.86181640625,0.004576858877028078,0.13029825701676723,-0.012105245587107603,0.01668210446413568,-0.01605369920501985
E4,2025-06-18,3,ITA,Defense,177.6692657470703,-0.006667441285908904,-0.0003092402101070313,0.003064169357917733,-0.009731610643826636,-0.025785309848846485
E4,2025-06-18,3,ITA,Defense,177.6692657470703,-0.006667441285908904,-0.06759263731651577,0.010878803213469623,-0.017546244499378527,-0.04333155434822501
E4,2025-06-20,4,ITA,Defense,179.31895446777344,0.009285166535508926,-0.002178658486505891,0.0032812930463936604,0.0060038734891152655,-0.037327680859109744
E4,2025-06-20,4,ITA,Defense,179.31895446777344,0.009285166535508926,0.02383324052292024,0.00026013960604669064,0.009025026929462235,-0.02830265392964751
E4,2025-06-23,5,ITA,Defense,181.87298583984372,0.014242952618426452,0.009606504133156335,0.0019125046860921436,0.012330447932334308,-0.0159722059973132
E4,2025-06-23,5,ITA,Defense,181.87298583984372,0.014242952618426452,-0.03831236097838675,0.007478043908614854,0.006764908709811598,-0.009207297287501602
E4,2025-06-24,6,ITA,Defense,180.62081909179688,-0.006884841870631098,0.01112172017970181,0.0017365198350733487,-0.008621361705704447,-0.01782865899320605
E4,2025-06-24,6,ITA,Defense,180.62081909179688,-0.006884841870631098,-0.11850733184624884,0.016792293208451412,-0.02367713507908251,-0.04150579407228856
E4,2025-06-25,7,ITA,Defense,180.9090118408203,0.001595567722882274,-3.2861029504172024e-06,0.0030286343013234593,-0.0014330665784411853,-0.04293886065072975
E4,2025-06-25,7,ITA,Defense,180.9090118408203,0.001595567722882274,-0.041189893147009715,0.007812255040520065,-0.006216687317637791,-0.04915554796836754
E4,2025-06-26,8,ITA,Defense,183.3537139892578,0.013513434867404861,0.008020121275230219,0.002096755210330846,0.011416679657074016,-0.03773886831129353
E4,2025-06-26,8,ITA,Defense,183.3537139892578,0.013513434867404861,-0.010143202504316884,0.004206335449160371,0.00930709941824449,-0.028431768893049037
E4,2025-06-27,9,ITA,Defense,186.38478088378903,0.016531254418488572,0.005218970885222163,0.002422094976360054,0.014109159442128517,-0.01432260945092052
E4,2025-06-27,9,ITA,Defense,186.38478088378903,0.016531254418488572,-0.01627489181918751,0.004918500841700422,0.01161275357678815,-0.0027098558741323695
E4,2025-06-30,10,ITA,Defense,187.468017578125,0.005811830178405808,0.005164427424532603,0.0024284299296001457,0.0033834002488056622,0.0006735443746732927
E4,2025-06-30,10,ITA,Defense,187.468017578125,0.005811830178405808,0.02512254013963844,0.00011039383118901114,0.005701436347216797,0.00637498072189009
E4,2025-05-30,-10,JETS,Airlines,22.535419464111328,-0.0008795436216343377,-8.118516130162234e-05,0.00020206560548047866,-0.0010816092271148164,-0.0010816092271148164
E4,2025-05-30,-10,JETS,Airlines,22.535419464111328,-0.0008795436216343377,-0.03180399377715093,0.005748339695875406,-0.0066278833175097435,-0.00770949254462456
E4,2025-06-02,-9,JETS,Airlines,22.62468910217285,0.003961303591605514,0.0041020419271569075,-0.0005293111239861531,0.004490614715591667,-0.003218877829032893
E4,2025-06-02,-9,JETS,Airlines,22.62468910217285,0.003961303591605514,-0.011308513081515592,0.0021650014445580797,0.0017963021470474342,-0.0014225756819854587
E4,2025-06-03,-8,JETS,Airlines,22.65444564819336,0.001315224526893033,0.005800290454605506,-0.0008262253071185261,0.002141449834011559,0.0007188741520261005
E4,2025-06-03,-8,JETS,Airlines,22.65444564819336,0.001315224526893033,-0.03649237766997615,0.006568035783491363,-0.00525281125659833,-0.004533937104572229
E4,2025-06-04,-7,JETS,Airlines,22.594932556152344,-0.002626993966888813,7.36874595066439e-05,0.00017498836857809133,-0.0028019823354669044,-0.007335919440039133
E4,2025-06-04,-7,JETS,Airlines,22.594932556152344,-0.002626993966888813,-0.004522324550077617,0.0009785345689345584,-0.0036055285358233716,-0.010941447975862505
E4,2025-06-05,-6,JETS,Airlines,22.406476974487305,-0.008340612710247886,-0.005277383403094138,0.0011105456844672657,-0.00945115839471515,-0.020392606370577656
E4,2025-06-05,-6,JETS,Airlines,22.406476974487305,-0.008340612710247886,0.04940368550432428,-0.008449648035731646,0.00010903532548376012,-0.020283571045093894
E4,2025-06-06,-5,JETS,Airlines,23.061115264892575,0.029216475715957424,0.010280683010067904,-0.0016095571188151788,0.0308260328347726,0.010542461789678707
E4,2025-06-06,-5,JETS,Airlines,23.061115264892575,0.029216475715957424,-0.0925324202830431,0.01636582639318513,0.012850649322772294,0.023393111112451
E4,2025-06-09,-4,JETS,Airlines,23.130544662475582,0.0030106695528600014,0.0009199480792858594,2.703194372174965e-05,0.002983637609138252,0.026376748721589252
E4,2025-06-09,-4,JETS,Airlines,23.130544662475582,0.0030106695528600014,0.0232557769232431,-0.003878064553403749,0.00688873410626375,0.033265482827853
E4,2025-06-10,-3,JETS,Airlines,23.249570846557617,0.005145844415636702,0.00548298940767844,-0.0007707498100798584,0.005916594225716561,0.03918207705356956
E4,2025-06-10,-3,JETS,Airlines,23.249570846557617,0.005145844415636702,-0.012237708994171426,0.002327457905386365,0.002818386510250337,0.042000463563819895
E4,2025-06-11,-2,JETS,Airlines,22.48582649230957,-0.032849825886619666,-0.002743888954607865,0.000667600837182261,-0.033517426723801924,0.008483036840017971
E4,2025-06-11,-2,JETS,Airlines,22.48582649230957,-0.032849825886619666,0.01828905321468688,-0.003009704776295216,-0.029840121110324448,-0.021357084270306477
E4,2025-06-12,-1,JETS,Airlines,22.23785781860352,-0.011027776710402892,0.0038224199557175265,-0.0004804232681194266,-0.010547353442283466,-0.03190443771258994
E4,2025-06-12,-1,JETS,Airlines,22.23785781860352,-0.011027776710402892,0.04403245763636199,-0.007510566559105939,-0.003517210151296953,-0.03542164786388689
E4,2025-06-13,0,JETS,Airlines,21.46419334411621,-0.03479042274656885,-0.011296379879250695,0.002162880129696895,-0.03695330287626575,-0.07237495074015264
E4,2025-06-13,0,JETS,Airlines,21.46419334411621,-0.03479042274656885,0.15538286159444614,-0.026978573566504915,-0.007811849180063935,-0.08018679992021657
E4,2025-06-16,1,JETS,Airlines,22.15850830078125,0.03234759142976906,0.009392659896159117,-0.0014542991261201877,0.03380189055588925,-0.04638490936432732
E4,2025-06-16,1,JETS,Airlines,22.15850830078125,0.03234759142976906,-0.08213252207192678,0.014547554666694915,0.017800036763074147,-0.028584872601253173
E4,2025-06-17,2,JETS,Airlines,21.484031677246094,-0.03043871971794132,-0.008352184790166306,0.0016481302178149343,-0.03208684993575626,-0.060671722537009434
E4,2025-06-17,2,JETS,Airlines,21.484031677246094,-0.03043871971794132,0.13029825701676723,-0.02259289340426756,-0.00784582631367376,-0.0685175488506832
E4,2025-06-18,3,JETS,Airlines,21.454275131225582,-0.0013850540935492761,-0.0003092402101070313,0.00024193773104445678,-0.0016269918245937329,-0.07014454067527694
E4,2025-06-18,3,JETS,Airlines,21.454275131225582,-0.0013850540935492761,-0.06759263731651577,0.01200546619423936,-0.013390520287788636,-0.08353506096306557
E4,2025-06-20,4,JETS,Airlines,21.39476203918457,-0.0027739502582585507,-0.002178658486505891,0.0005687784681323305,-0.003342728726390881,-0.08687778968945645
E4,2025-06-20,4,JETS,Airlines,21.39476203918457,-0.0027739502582585507,0.02383324052292024,-0.003979025708508892,0.0012050754502503412,-0.08567271423920611
E4,2025-06-23,5,JETS,Airlines,21.81134986877441,0.019471486938104743,0.009606504133156335,-0.001491686696855188,0.02096317363495993,-0.06470954060424618
E4,2025-06-23,5,JETS,Airlines,21.81134986877441,0.019471486938104743,-0.03831236097838675,0.006886233531699122,0.012585253406405622,-0.052124287197840555
E4,2025-06-24,6,JETS,Airlines,22.475908279418945,0.030468467776766595,0.01112172017970181,-0.0017566002989915105,0.032225068075758104,-0.01989921912208245
E4,2025-06-24,6,JETS,Airlines,22.475908279418945,0.030468467776766595,-0.11850733184624884,0.02090716385002464,0.009561303926741954,-0.010337915195340497
E4,2025-06-25,7,JETS,Airlines,22.118831634521484,-0.015887084092812143,-3.2861029504172024e-06,0.00018844608224622154,-0.016075530175058365,-0.02641344537039886
E4,2025-06-25,7,JETS,Airlines,22.118831634521484,-0.015887084092812143,-0.041189893147009715,0.00738932839648161,-0.023276412489293755,-0.04968985785969261
E4,2025-06-26,8,JETS,Airlines,22.446149826049805,0.014798168227722508,0.008020121275230219,-0.0012143306074587916,0.0160124988351813,-0.033677359024511314
E4,2025-06-26,8,JETS,Airlines,22.446149826049805,0.014798168227722508,-0.010143202504316884,0.0019612637509683873,0.01283690447675412,-0.020840454547757195
E4,2025-06-27,9,JETS,Airlines,22.723876953125,0.012373040776591404,0.005218970885222163,-0.0007245899915021301,0.013097630768093534,-0.007742823779663661
E4,2025-06-27,9,JETS,Airlines,22.723876953125,0.012373040776591404,-0.01627489181918751,0.0030333009084988634,0.00933973986809254,0.0015969160884288791
E4,2025-06-30,10,JETS,Airlines,22.783388137817383,0.0026188834244764703,0.005164427424532603,-0.0007150538565877756,0.003333937281064246,0.004930853369493125
E4,2025-06-30,10,JETS,Airlines,22.783388137817383,0.0026188834244764703,0.02512254013963844,-0.004204441091665968,0.006823324516142438,0.011754177885635562
E4,2025-05-30,-10,LMT,Defense,463.6302185058594,0.018345349805802158,-8.118516130162234e-05,0.000722554248239937,0.017622795557562222,0.017622795557562222
E4,2025-05-30,-10,LMT,Defense,463.6302185058594,0.018345349805802158,-0.03180399377715093,0.0017307174771017978,0.01661463232870036,0.03423742788626258
E4,2025-06-02,-9,LMT,Defense,463.3785705566406,-0.0005427772806305686,0.0041020419271569075,0.0005896096600216141,-0.0011323869406521829,0.0331050409456104
E4,2025-06-02,-9,LMT,Defense,463.3785705566406,-0.0005427772806305686,-0.011308513081515592,0.0010793631079030962,-0.0016221403885336649,0.03148290055707673
E4,2025-06-03,-8,LMT,Defense,464.6850891113281,0.0028195489340778757,0.005800290454605506,0.0005356386595476183,0.002283910274530257,0.03376681083160699
E4,2025-06-03,-8,LMT,Defense,464.6850891113281,0.0028195489340778757,-0.03649237766997615,0.0018797161455605888,0.0009398327885172869,0.03470664362012428
E4,2025-06-04,-7,LMT,Defense,466.6592712402344,0.004248430120023183,7.36874595066439e-05,0.0007176323359544544,0.003530797784068729,0.03823744140419301
E4,2025-06-04,-7,LMT,Defense,466.6592712402344,0.004248430120023183,-0.004522324550077617,0.0008636953899412745,0.003384734730081909,0.04162217613427492
E4,2025-06-05,-6,LMT,Defense,462.6140747070313,-0.008668415656785777,-0.005277383403094138,0.0008876914547429752,-0.009556107111528753,0.03206606902274617
E4,2025-06-05,-6,LMT,Defense,462.6140747070313,-0.008668415656785777,0.04940368550432428,-0.000850094239294789,-0.007818321417490988,0.02424774760525518
E4,2025-06-06,-5,LMT,Defense,466.1560363769531,0.0076564070649274285,0.010280683010067904,0.00039325003690129776,0.007263157028026131,0.03151090463328131
E4,2025-06-06,-5,LMT,Defense,466.1560363769531,0.0076564070649274285,-0.0925324202830431,0.003660690553927401,0.003995716511000027,0.03550662114428134
E4,2025-06-09,-4,LMT,Defense,465.3237609863281,-0.0017854008651129183,0.0009199480792858594,0.0006907378434387761,-0.0024761387085516944,0.03303048243572965
E4,2025-06-09,-4,LMT,Defense,465.3237609863281,-0.0017854008651129183,0.0232557769232431,-1.91035076003408e-05,-0.0017662973575125775,0.03126418507821707
E4,2025-06-10,-3,LMT,Defense,461.5205078125,-0.008173348306492079,0.00548298940767844,0.000545722610557915,-0.008719070917049994,0.022545114161167078
E4,2025-06-10,-3,LMT,Defense,461.5205078125,-0.008173348306492079,-0.012237708994171426,0.001108893316368948,-0.009282241622861027,0.013262872538306051
E4,2025-06-11,-2,LMT,Defense,441.8751525878906,-0.04256659214933656,-0.002743888954607865,0.0008071760131747464,-0.0433737681625113,-0.030110895624205252
E4,2025-06-11,-2,LMT,Defense,441.8751525878906,-0.04256659214933656,0.01828905321468688,0.00013874090874749386,-0.04270533305808405,-0.0728162286822893
E4,2025-06-12,-1,LMT,Defense,454.1365356445313,0.02774852350223944,0.0038224199557175265,0.0005984961553190765,0.027150027346920364,-0.045666201335368944
E4,2025-06-12,-1,LMT,Defense,454.1365356445313,0.02774852350223944,0.04403245763636199,-0.0006793945230151843,0.028427918025254625,-0.01723828331011432
E4,2025-06-13,0,LMT,Defense,470.7625427246094,0.03661015085800501,-0.011296379879250695,0.0010789775100034922,0.035531173348001516,0.018292890037887196
E4,2025-06-13,0,LMT,Defense,470.7625427246094,0.03661015085800501,0.15538286159444614,-0.004218153784493935,0.040828304642498946,0.05912119468038614
E4,2025-06-16,1,LMT,Defense,451.9978332519531,-0.03986024326415749,0.009392659896159117,0.0004214717577666738,-0.04028171502192417,0.01883947965846197
E4,2025-06-16,1,LMT,Defense,451.9978332519531,-0.03986024326415749,-0.08213252207192678,0.003330177733094907,-0.0431904209972524,-0.024350941338790427
E4,2025-06-17,2,LMT,Defense,463.8818359375,0.026292167376215092,-0.008352184790166306,0.0009854098419147478,0.025306757534300343,0.0009558161955099155
E4,2025-06-17,2,LMT,Defense,463.8818359375,0.026292167376215092,0.13029825701676723,-0.003420955268687843,0.029713122644902935,0.03066893884041285
E4,2025-06-18,3,LMT,Defense,453.4881896972656,-0.022405805606138807,-0.0003092402101070313,0.0007298019266263659,-0.02313560753276517,0.007533331307647679
E4,2025-06-18,3,LMT,Defense,453.4881896972656,-0.022405805606138807,-0.06759263731651577,0.002868094525400276,-0.025273900131539084,-0.017740568823891405
E4,2025-06-20,4,LMT,Defense,455.3849792480469,0.004182665819913556,-0.002178658486505891,0.0007892127684736425,0.0033934530514399134,-0.014347115772451492
E4,2025-06-20,4,LMT,Defense,455.3849792480469,0.004182665819913556,0.02383324052292024,-3.7455525993498905e-05,0.004220121345907055,-0.010126994426544437
E4,2025-06-23,5,LMT,Defense,457.2236633300781,0.004037647629632879,0.009606504133156335,0.0004146757045213473,0.0036229719251115317,-0.0065040225014329055
E4,2025-06-23,5,LMT,Defense,457.2236633300781,0.004037647629632879,-0.03831236097838675,0.0019375559248468784,0.0021000917047860005,-0.004403930796646905
E4,2025-06-24,6,LMT,Defense,445.3591003417969,-0.02594914467433418,0.01112172017970181,0.0003665215476682438,-0.02631566622200242,-0.030719597018649326
E4,2025-06-24,6,LMT,Defense,445.3591003417969,-0.02594914467433418,-0.11850733184624884,0.004486183372929541,-0.03043532804726372,-0.061154925065913045
E4,2025-06-25,7,LMT,Defense,443.60748291015625,-0.003933045109657196,-3.2861029504172024e-06,0.0007200785857869784,-0.004653123695444175,-0.06580804876135722
E4,2025-06-25,7,LMT,Defense,443.60748291015625,-0.003933045109657196,-0.041189893147009715,0.002029005019326596,-0.005962050128983792,-0.07177009889034101
E4,2025-06-26,8,LMT,Defense,443.13323974609375,-0.0010690603344907235,0.008020121275230219,0.00046509157039328783,-0.0015341519048840113,-0.07330425079522503
E4,2025-06-26,8,LMT,Defense,443.13323974609375,-0.0010690603344907235,-0.010143202504316884,0.0010423290833196435,-0.002111389417810367,-0.07541564021303539
E4,2025-06-27,9,LMT,Defense,443.8009643554688,0.0015068258245705124,0.005218970885222163,0.000554113222161765,0.0009527126024087474,-0.07446292761062664
E4,2025-06-27,9,LMT,Defense,443.8009643554688,0.0015068258245705124,-0.01627489181918751,0.0012371965609416983,0.00026962926362881405,-0.07419329834699782
E4,2025-06-30,10,LMT,Defense,448.2042846679688,0.009921835836690818,0.005164427424532603,0.0005558466346129757,0.009365989202077842,-0.06482730914491998
E4,2025-06-30,10,LMT,Defense,448.2042846679688,0.009921835836690818,0.02512254013963844,-7.842997060530292e-05,0.01000026580729612,-0.05482704333762386
E4,2025-05-30,-10,XLE,Energy,39.21416091918945,-0.008874351607242703,-8.118516130162234e-05,0.00011612676120108967,-0.008990478368443793,-0.008990478368443793
E4,2025-05-30,-10,XLE,Energy,39.21416091918945,-0.008874351607242703,-0.03180399377715093,0.004301231591935986,-0.013175583199178689,-0.02216606156762248
E4,2025-06-02,-9,XLE,Energy,39.72881317138672,0.013124142915051484,0.0041020419271569075,-0.0004357551389161,0.013559898053967585,-0.008606163513654896
E4,2025-06-02,-9,XLE,Energy,39.72881317138672,0.013124142915051484,-0.011308513081515592,0.001597317940838835,0.01152682497421265,0.002920661460557753
E4,2025-06-03,-8,XLE,Energy,40.200172424316406,0.011864418171675162,0.005800290454605506,-0.0006598005001601416,0.012524218671835303,0.015444880132393056
E4,2025-06-03,-8,XLE,Energy,40.200172424316406,0.011864418171675162,-0.03649237766997615,0.004919757470770035,0.0069446607009051265,0.022389540833298183
E4,2025-06-04,-7,XLE,Energy,39.41617584228516,-0.019502318889483616,7.36874595066439e-05,9.56948328260776e-05,-0.019598013722309696,0.0027915271109884877
E4,2025-06-04,-7,XLE,Energy,39.41617584228516,-0.019502318889483616,-0.004522324550077617,0.0007020343375134598,-0.020204353226997075,-0.017412826116008587
E4,2025-06-05,-6,XLE,Energy,39.37770080566406,-0.000976123020534736,-0.005277383403094138,0.0008016472214644035,-0.0017777702419991396,-0.01919059635800773
E4,2025-06-05,-6,XLE,Energy,39.37770080566406,-0.000976123020534736,0.04940368550432428,-0.0064122791494764355,0.0054361561289416995,-0.01375444022906603
E4,2025-06-06,-5,XLE,Energy,40.11840057373047,0.01881013245851726,0.010280683010067904,-0.001250886641192624,0.020061019099709882,0.006306578870643852
E4,2025-06-06,-5,XLE,Energy,40.11840057373047,0.01881013245851726,-0.0925324202830431,0.012312969588103134,0.006497162870414125,0.012803741741057978
E4,2025-06-09,-4,XLE,Energy,40.19535827636719,0.0019182644755562084,0.0009199480792858594,-1.5950054951267828e-05,0.0019342145305074761,0.014737956271565454
E4,2025-06-09,-4,XLE,Energy,40.19535827636719,0.0019182644755562084,0.0232557769232431,-0.0029626558881355983,0.004880920363691806,0.01961887663525726
E4,2025-06-10,-3,XLE,Energy,40.91201400756836,0.017829315670573997,0.00548298940767844,-0.0006179398263348033,0.0184472554969088,0.03806613213216606
E4,2025-06-10,-3,XLE,Energy,40.91201400756836,0.017829315670573997,-0.012237708994171426,0.0017199042587732485,0.01610941141180075,0.05417554354396681
E4,2025-06-11,-2,XLE,Energy,41.50362014770508,0.014460450175522555,-0.002743888954607865,0.00046741011202692075,0.013993040063495634,0.06816858360746245
E4,2025-06-11,-2,XLE,Energy,41.50362014770508,0.014460450175522555,0.01828905321468688,-0.0023074093859321654,0.01676785956145472,0.08493644316891716
E4,2025-06-12,-1,XLE,Energy,41.64791488647461,0.0034766783778381605,0.0038224199557175265,-0.00039886536419212143,0.003875543742030282,0.08881198691094744
E4,2025-06-12,-1,XLE,Energy,41.64791488647461,0.0034766783778381605,0.04403245763636199,-0.005703667501327605,0.009180345879165766,0.0979923327901132
E4,2025-06-13,0,XLE,Energy,42.37419509887695,0.017438573200652785,-0.011296379879250695,0.0015957172400930084,0.015842855960559777,0.11383518875067297
E4,2025-06-13,0,XLE,Energy,42.37419509887695,0.017438573200652785,0.15538286159444614,-0.020393826848581344,0.03783240004923413,0.1516675887999071
E4,2025-06-16,1,XLE,Energy,42.249141693115234,-0.002951168876952459,0.009392659896159117,-0.0011337321398737499,-0.0018174367370787092,0.1498501520628284
E4,2025-06-16,1,XLE,Energy,42.249141693115234,-0.002951168876952459,-0.08213252207192678,0.010940938984837181,-0.01389210786178964,0.13595804420103874
E4,2025-06-17,2,XLE,Energy,42.64353942871094,0.00933504728830914,-0.008352184790166306,0.00120729749961023,0.00812774978869891,0.14408579398973764
E4,2025-06-17,2,XLE,Energy,42.64353942871094,0.00933504728830914,0.13029825701676723,-0.017084482424939488,0.026419529713248627,0.17050532370298627
E4,2025-06-18,3,XLE,Energy,42.36457443237305,-0.006541788042811247,-0.0003092402101070313,0.00014621345049732514,-0.006688001493308573,0.1638173222096777
E4,2025-06-18,3,XLE,Energy,42.36457443237305,-0.006541788042811247,-0.06759263731651577,0.00902273109016177,-0.015564519132973017,0.1482528030767047
E4,2025-06-20,4,XLE,Energy,42.797454833984375,0.010217980645653268,-0.002178658486505891,0.00039284077640541325,0.009825139869247854,0.15807794294595254
E4,2025-06-20,4,XLE,Energy,42.797454833984375,0.010217980645653268,0.02383324052292024,-0.0030388391079081032,0.013256819753561373,0.17133476269951392
E4,2025-06-23,5,XLE,Energy,41.71517562866211,-0.025288401133210736,0.009606504133156335,-0.0011619440349842835,-0.024126457098226452,0.14720830560128748
E4,2025-06-23,5,XLE,Energy,41.71517562866211,-0.025288401133210736,-0.03831236097838675,0.005159862974293471,-0.030448264107504206,0.11676004149378327
E4,2025-06-24,6,XLE,Energy,41.17210006713867,-0.013018656959705943,0.01112172017970181,-0.0013618424132393618,-0.011656814546466582,0.10510322694731669
E4,2025-06-24,6,XLE,Energy,41.17210006713867,-0.013018656959705943,-0.11850733184624884,0.015739769818104578,-0.02875842677781052,0.07634480016950618
E4,2025-06-25,7,XLE,Energy,40.9926872253418,-0.004357631539423812,-3.2861029504172024e-06,0.00010584974792136245,-0.004463481287345175,0.071881318882161
E4,2025-06-25,7,XLE,Energy,40.9926872253418,-0.004357631539423812,-0.041189893147009715,0.005539488054951753,-0.009897119594375565,0.06198419928778543
E4,2025-06-26,8,XLE,Energy,41.579402923583984,0.014312691798342936,0.008020121275230219,-0.0009526568106877386,0.015265348609030675,0.07724954789681611
E4,2025-06-26,8,XLE,Energy,41.579402923583984,0.014312691798342936,-0.010143202504316884,0.0014435816501781093,0.012869110148164827,0.09011865804498094
E4,2025-06-27,9,XLE,Energy,41.3612060546875,-0.005247715300229161,0.005218970885222163,-0.0005831085726738898,-0.004664606727555271,0.08545405131742567
E4,2025-06-27,9,XLE,Energy,41.3612060546875,-0.005247715300229161,-0.01627489181918751,0.002252518931961208,-0.007500234232190369,0.0779538170852353
E4,2025-06-30,10,XLE,Energy,41.12360382080078,-0.005744567350685181,0.005164427424532603,-0.0005759128005850708,-0.00516865455010011,0.07278516253513519
E4,2025-06-30,10,XLE,Energy,41.12360382080078,-0.005744567350685181,0.02512254013963844,-0.003208932939117491,-0.0025356344115676902,0.0702495281235675
E4,2025-05-30,-10,XOM,Energy,98.50199127197266,-0.0037978181141418155,-8.118516130162234e-05,0.00018188322463746272,-0.0039797013387792785,-0.0039797013387792785
E4,2025-05-30,-10,XOM,Energy,98.50199127197266,-0.0037978181141418155,-0.03180399377715093,0.0030937969089523797,-0.006891615023094195,-0.010871316361873475
E4,2025-06-02,-9,XOM,Energy,99.2241439819336,0.007331351383212281,0.0041020419271569075,-0.0002021053544000594,0.007533456737612341,-0.0033378596242611335
E4,2025-06-02,-9,XOM,Energy,99.2241439819336,0.007331351383212281,-0.011308513081515592,0.0012124669350857223,0.006118884448126559,0.0027810248238654255
E4,2025-06-03,-8,XOM,Energy,99.94630432128906,0.007278070743416576,0.005800290454605506,-0.00035799171321302216,0.007636062456629598,0.010417087280495023
E4,2025-06-03,-8,XOM,Energy,99.94630432128906,0.007278070743416576,-0.03649237766997615,0.00352415505851479,0.003753915684901786,0.01417100296539681
E4,2025-06-04,-7,XOM,Energy,98.50199127197266,-0.01445088999662747,7.36874595066439e-05,0.00016766709045721266,-0.014618557087084682,-0.00044755412168787263
E4,2025-06-04,-7,XOM,Energy,98.50199127197266,-0.01445088999662747,-0.004522324550077617,0.0005895462004076985,-0.015040436197035168,-0.015487990318723041
E4,2025-06-05,-6,XOM,Energy,98.0494384765625,-0.004594351744226399,-0.005277383403094138,0.000658854887201069,-0.005253206631427468,-0.02074119695015051
E4,2025-06-05,-6,XOM,Energy,98.0494384765625,-0.004594351744226399,0.04940368550432428,-0.004360453294260709,-0.00023389844996569032,-0.0209750954001162
E4,2025-06-06,-5,XOM,Energy,100.39883422851562,0.023961338162224344,0.010280683010067904,-0.000769257832532462,0.024730595994756806,0.003755500594640606
E4,2025-06-06,-5,XOM,Energy,100.39883422851562,0.023961338162224344,-0.0925324202830431,0.008668206738511718,0.015293131423712625,0.01904863201835323
E4,2025-06-09,-4,XOM,Energy,101.07286071777344,0.006713489199722034,0.0009199480792858594,8.99867718866577e-05,0.0066235024278353755,0.025672134446188606
E4,2025-06-09,-4,XOM,Energy,101.07286071777344,0.006713489199722034,0.0232557769232431,-0.001960273230272789,0.008673762429994823,0.03434589687618343
E4,2025-06-10,-3,XOM,Energy,103.23931884765624,0.02143461770546118,0.00548298940767844,-0.0003288658791236425,0.02176348358458482,0.05610938046076826
E4,2025-06-10,-3,XOM,Energy,103.23931884765624,0.02143461770546118,-0.012237708994171426,0.0012977600857092195,0.02013685761975196,0.07624623808052022
E4,2025-06-11,-2,XOM,Energy,105.25172424316406,0.01949262565822818,-0.002743888954607865,0.0004262992757790335,0.019066326382449147,0.09531256446296937
E4,2025-06-11,-2,XOM,Energy,105.25172424316406,0.01949262565822818,0.01828905321468688,-0.0015043655927021872,0.020996991250930366,0.11630955571389974
E4,2025-06-12,-1,XOM,Energy,105.65613555908205,0.003842324853355006,0.0038224199557175265,-0.00017643817420395783,0.004018763027558964,0.1203283187414587
E4,2025-06-12,-1,XOM,Energy,105.65613555908205,0.003842324853355006,0.04403245763636199,-0.0038674152370163474,0.007709740090371353,0.12803805883183006
E4,2025-06-13,0,XOM,Energy,107.95740509033205,0.02178074675051067,-0.011296379879250695,0.0012113531989680424,0.02056939355154263,0.1486074523833727
E4,2025-06-13,0,XOM,Energy,107.95740509033205,0.02178074675051067,0.15538286159444614,-0.014088539380404502,0.035869286130915175,0.18447673851428786
E4,2025-06-16,1,XOM,Energy,108.30403900146484,0.003210839597735493,0.009392659896159117,-0.0006877440331494211,0.0038985836308849144,0.18837532214517277
E4,2025-06-16,1,XOM,Energy,108.30403900146484,0.003210839597735493,-0.08213252207192678,0.007713574811586386,-0.004502735213850893,0.18387258693132189
E4,2025-06-17,2,XOM,Energy,109.76760864257812,0.01351352779274917,-0.008352184790166306,0.0009410983778071488,0.012572429414942021,0.1964450163462639
E4,2025-06-17,2,XOM,Energy,109.76760864257812,0.01351352779274917,0.13029825701676723,-0.011785962574551391,0.02529949036730056,0.22174450671356447
E4,2025-06-18,3,XOM,Energy,108.98768615722656,-0.007105215236045792,-0.0003092402101070313,0.0002028169517054308,-0.007308032187751223,0.21443647452581324
E4,2025-06-18,3,XOM,Energy,108.98768615722656,-0.007105215236045792,-0.06759263731651577,0.00637892346024009,-0.013484138696285883,0.20095233582952737
E4,2025-06-20,4,XOM,Energy,110.44161987304688,0.013340348502516752,-0.002178658486505891,0.00037441539769027114,0.012965933104826481,0.21391826893435387
E4,2025-06-20,4,XOM,Energy,110.44161987304688,0.013340348502516752,0.02383324052292024,-0.002013280017233433,0.015353628519750185,0.22927189745410406
E4,2025-06-23,5,XOM,Energy,107.5915069580078,-0.02580651133436196,0.009606504133156335,-0.0007073733152714642,-0.025099138019090493,0.20417275943501356
E4,2025-06-23,5,XOM,Energy,107.5915069580078,-0.02580651133436196,-0.03831236097838675,0.003691215748668743,-0.0294977270830307,0.17467503235198287
E4,2025-06-24,6,XOM,Energy,104.31774139404295,-0.030427732230226767,0.01112172017970181,-0.0008464586779220118,-0.029581273552304756,0.14509375879967812
E4,2025-06-24,6,XOM,Energy,104.31774139404295,-0.030427732230226767,-0.11850733184624884,0.011052506985873142,-0.04148023921609991,0.1036135195835782
E4,2025-06-25,7,XOM,Energy,104.3466339111328,0.00027696647476971314,-3.2861029504172024e-06,0.00017473268078887079,0.00010223379398084236,0.10371575337755905
E4,2025-06-25,7,XOM,Energy,104.3466339111328,0.00027696647476971314,-0.041189893147009715,0.003955351418380006,-0.003678384943610293,0.10003736843394875
E4,2025-06-26,8,XOM,Energy,105.90648651123048,0.014948758207439017,0.008020121275230219,-0.0005617553780800605,0.015510513585519078,0.11554788201946783
E4,2025-06-26,8,XOM,Energy,105.90648651123048,0.014948758207439017,-0.010143202504316884,0.0011055002456821085,0.013843257961756908,0.12939113998122476
E4,2025-06-27,9,XOM,Energy,105.3191375732422,-0.005545920342905464,0.005218970885222163,-0.0003046309774236419,-0.0052412893654818216,0.12414985061574293
E4,2025-06-27,9,XOM,Energy,105.3191375732422,-0.005545920342905464,-0.01627489181918751,0.0016683429069406285,-0.007214263249846092,0.11693558736589685
E4,2025-06-30,10,XOM,Energy,103.79779052734376,-0.014445114923585911,0.005164427424532603,-0.00029962430063486375,-0.014145490622951047,0.1027900967429458
E4,2025-06-30,10,XOM,Energy,103.79779052734376,-0.014445114923585911,0.02512254013963844,-0.0021316279618485254,-0.012313486961737386,0.09047660978120842
E5,2026-02-13,-10,BNO,Controls,31.88999938964844,0.00031368347381088846,0.0004990891480125548,0.001572906950945747,-0.0012592234771348586,-0.0012592234771348586
E5,2026-02-13,-10,BNO,Controls,31.88999938964844,0.00031368347381088846,-0.010566729902939609,0.0016723815231645513,-0.0013586980493536628,-0.0026179215264885217
E5,2026-02-17,-9,BNO,Controls,31.780000686645508,-0.0034493165603082243,0.0010313220779065713,0.001568122520369195,-0.005017439080677419,-0.007635360607165941
E5,2026-02-17,-9,BNO,Controls,31.780000686645508,-0.0034493165603082243,-0.015048517485525714,0.0017126699013226003,-0.005161986461630824,-0.012797347068796764
E5,2026-02-18,-8,BNO,Controls,33.27000045776367,0.046884825013370435,0.005566070147410729,0.0015273580616104768,0.045357466951759955,0.03256011988296319
E5,2026-02-18,-8,BNO,Controls,33.27000045776367,0.046884825013370435,-0.03302119497595557,0.001874232673744151,0.04501059233962628,0.07757071222258946
E5,2026-02-19,-7,BNO,Controls,34.0099983215332,0.022242195779617058,-0.0028221256867719813,0.0016027625290476238,0.020639433250569435,0.0982101454731589
E5,2026-02-19,-7,BNO,Controls,34.0099983215332,0.022242195779617058,0.031090656315525544,0.001297908503611717,0.020944287276005343,0.11915443274916424
E5,2026-02-20,-6,BNO,Controls,33.880001068115234,-0.0038223246055164584,0.006939724763506794,0.0015150097930653858,-0.005337334398581844,0.11381709835058239
E5,2026-02-20,-6,BNO,Controls,33.880001068115234,-0.0038223246055164584,-0.056351923650237334,0.002083960868624355,-0.005906285474140813,0.10791081287644158
E5,2026-02-23,-5,BNO,Controls,33.88999938964844,0.00029510983524172474,-0.010385652247284827,0.001670753751894146,-0.0013756439166524212,0.10653516895978916
E5,2026-02-23,-5,BNO,Controls,33.88999938964844,0.00029510983524172474,0.10057622110776498,0.0006732781168989248,-0.0003781682816572001,0.10615700067813197
E5,2026-02-24,-4,BNO,Controls,33.90999984741211,0.000590158103389582,0.0076516140863223114,0.0015086103674532244,-0.0009184522640636424,0.10523854841406832
E5,2026-02-24,-4,BNO,Controls,33.90999984741211,0.000590158103389582,-0.06949076515545538,0.0022020705749338735,-0.0016119124715442915,0.10362663594252403
E5,2026-02-25,-3,BNO,Controls,33.650001525878906,-0.007667305299414395,0.008136355657339944,0.0015042528535456116,-0.009171558152960007,0.09445507778956402
E5,2026-02-25,-3,BNO,Controls,33.650001525878906,-0.007667305299414395,-0.082864398726613,0.002322290910399008,-0.009989596209813403,0.08446548157975062
E5,2026-02-26,-2,BNO,Controls,33.810001373291016,0.004754824373159661,-0.005365580569328343,0.0016256265470868808,0.00312919782607278,0.0875946794058234
E5,2026-02-26,-2,BNO,Controls,33.810001373291016,0.004754824373159661,0.03904064939635021,0.0012264431961440839,0.003528381177015577,0.09112306058283898
E5,2026-02-27,-1,BNO,Controls,34.810001373291016,0.02957704700923114,-0.00433935281103115,0.0016164014217901778,0.02796064558744096,0.11908370617027994
E5,2026-02-27,-1,BNO,Controls,34.810001373291016,0.02957704700923114,0.06602262506673906,0.000983892647009705,0.028593154362221433,0.14767686053250137
E5,2026-03-02,0,BNO,Controls,37.34000015258789,0.07268022635695992,0.0003983547353176853,0.0015738124883094427,0.07110641386865048,0.21878327440115186
E5,2026-03-02,0,BNO,Controls,37.34000015258789,0.07268022635695992,0.07955689200142935,0.000862228321267131,0.07181799803569279,0.29060127243684464
E5,2026-03-03,1,BNO,Controls,38.61000061035156,0.034011795730420014,-0.009444031095625416,0.0016622891853923616,0.032349506545027655,0.3229507789818723
E5,2026-03-03,1,BNO,Controls,38.61000061035156,0.034011795730420014,0.09934697330735043,0.000684328261360362,0.03332746746905965,0.356278246450932
E5,2026-03-04,2,BNO,Controls,38.900001525878906,0.007511031104454169,0.007756049264286302,0.0015076715625979553,0.006003359541856213,0.3622816059927882
E5,2026-03-04,2,BNO,Controls,38.900001525878906,0.007511031104454169,-0.10267289383229627,0.0025003564984827547,0.005010674605971414,0.3672922805987596
E5,2026-03-05,3,BNO,Controls,40.2400016784668,0.03444730334255719,-0.005646704863891072,0.0016281536730784751,0.032819149669478714,0.40011143026823837
E5,2026-03-05,3,BNO,Controls,40.2400016784668,0.03444730334255719,0.12293146233401209,0.0004723189246701523,0.03397498441788704,0.4340864146861254
E5,2026-03-06,4,BNO,Controls,43.95000076293945,0.09219679248815615,-0.013276795812569242,0.0016967432668189423,0.09050004922133721,0.5245864639074627
E5,2026-03-06,4,BNO,Controls,43.95000076293945,0.09219679248815615,0.24168420088918596,-0.0005951915608343973,0.09279198404899056,0.6173784479564532
E5,2026-03-09,5,BNO,Controls,42.720001220703125,-0.027986337221489133,0.008304161513105202,0.0015027443871915894,-0.02948908160868072,0.5878893663477726
E5,2026-03-09,5,BNO,Controls,42.720001220703125,-0.027986337221489133,-0.1353000950181722,0.0027936539819964227,-0.030779991203485554,0.557109375144287
E5,2026-03-10,6,BNO,Controls,43.369998931884766,0.015215301793264802,-0.0021351198877325173,0.00159658679025625,0.013618715003008552,0.5707280901472956
E5,2026-03-10,6,BNO,Controls,43.369998931884766,0.015215301793264802,-0.022352929208792838,0.001778331848995556,0.013436969944269246,0.5841650600915649
E5,2026-03-11,7,BNO,Controls,44.040000915527344,0.015448512800170011,-0.0008376012017449197,0.001584922934590418,0.013863589865579593,0.5980286499571444
E5,2026-03-11,7,BNO,Controls,44.040000915527344,0.015448512800170011,-0.028078650395929716,0.0018298023875171104,0.0136187104126529,0.6116473603697974
E5,2026-03-12,8,BNO,Controls,48.25,0.09559489093898543,-0.015227676506708532,0.0017142804253072453,0.09388061051367819,0.7055279708834756
E5,2026-03-12,8,BNO,Controls,48.25,0.09559489093898543,0.12628978254650813,0.0004421297931676753,0.09515276114581776,0.8006807320292934
E5,2026-03-13,9,BNO,Controls,49.040000915527344,0.01637307596947868,-0.006059115470564369,0.001631860978293609,0.01474121499118507,0.8154219470204784
E5,2026-03-13,9,BNO,Controls,49.040000915527344,0.01637307596947868,-0.0036643597696923713,0.0016103336699384008,0.014762742299540279,0.8301846893200188
E5,2026-03-16,10,BNO,Controls,47.65999984741211,-0.028140314892985407,0.010130883162251969,0.0014863233383948383,-0.029626638231380245,0.8005580510886385
E5,2026-03-16,10,BNO,Controls,47.65999984741211,-0.028140314892985407,-0.13534388499059746,0.002794047625589763,-0.03093436251857517,0.7696236885700634
E5,2026-02-13,-10,DAL,Airlines,68.4619140625,-0.0071942525639032695,0.0004990891480125548,0.004071557060896921,-0.01126580962480019,-0.01126580962480019
E5,2026-02-13,-10,DAL,Airlines,68.4619140625,-0.0071942525639032695,-0.010566729902939609,0.005618320822303912,-0.012812573386207182,-0.02407838301100737
E5,2026-02-17,-9,DAL,Airlines,70.2974853515625,0.026811568361743143,0.0010313220779065713,0.003997162331975641,0.022814406029767503,-0.0012639769812398671
E5,2026-02-17,-9,DAL,Airlines,70.2974853515625,0.026811568361743143,-0.015048517485525714,0.0062447784380618284,0.020566789923681314,0.019302812942441447
E5,2026-02-18,-8,DAL,Airlines,70.55545043945312,0.0036696204224166973,0.005566070147410729,0.003363301977968153,0.00030631844444854424,0.01960913138688999
E5,2026-02-18,-8,DAL,Airlines,70.55545043945312,0.0036696204224166973,-0.03302119497595557,0.008756972619952053,-0.005087352197535356,0.014521779189354635
E5,2026-02-19,-7,DAL,Airlines,66.91407775878906,-0.051610083388084815,-0.0028221256867719813,0.004535791540661888,-0.0561458749287467,-0.04162409573939207
E5,2026-02-19,-7,DAL,Airlines,66.91407775878906,-0.051610083388084815,0.031090656315525544,-0.00020448678922237694,-0.05140559659886244,-0.0930296923382545
E5,2026-02-20,-6,DAL,Airlines,68.89847564697266,0.02965591030540571,0.006939724763506794,0.0031712945747128106,0.026484615730692898,-0.0665450766075616
E5,2026-02-20,-6,DAL,Airlines,68.89847564697266,0.02965591030540571,-0.056351923650237334,0.012018107243104311,0.017637803062301397,-0.04890727354526021
E5,2026-02-23,-5,DAL,Airlines,66.35843658447266,-0.036866404352904,-0.010385652247284827,0.005593010056378885,-0.042459414409282886,-0.0913666879545431
E5,2026-02-23,-5,DAL,Airlines,66.35843658447266,-0.036866404352904,0.10057622110776498,-0.00991707589506768,-0.026949328457836322,-0.11831601641237942
E5,2026-02-24,-4,DAL,Airlines,68.69012451171875,0.03513777670572327,0.0076516140863223114,0.0030717877418617113,0.03206598896386156,-0.08625002744851787
E5,2026-02-24,-4,DAL,Airlines,68.69012451171875,0.03513777670572327,-0.06949076515545538,0.01385463500608022,0.021283141699643047,-0.06496688574887483
E5,2026-02-25,-3,DAL,Airlines,68.83894348144531,0.0021665264226033987,0.008136355657339944,0.0030040312845904305,-0.0008375048619870319,-0.06580439061086185
E5,2026-02-25,-3,DAL,Airlines,68.83894348144531,0.0021665264226033987,-0.082864398726613,0.01572398165551984,-0.013557455232916443,-0.0793618458437783
E5,2026-02-26,-2,DAL,Airlines,70.15022277832031,0.019048509906727906,-0.005365580569328343,0.004891311888771442,0.014157198017956465,-0.06520464782582183
E5,2026-02-26,-2,DAL,Airlines,70.15022277832031,0.019048509906727906,0.03904064939635021,-0.0013157250214974507,0.020364234928225356,-0.04484041289759648
E5,2026-02-27,-1,DAL,Airlines,65.36476135253906,-0.06821733754009085,-0.00433935281103115,0.0047478672959965895,-0.07296520483608744,-0.11780561773368392
E5,2026-02-27,-1,DAL,Airlines,65.36476135253906,-0.06821733754009085,0.06602262506673906,-0.005087225530041502,-0.06313011201004935,-0.1809357297437333
E5,2026-03-02,0,DAL,Airlines,63.92216110229492,-0.022069999498102733,0.0003983547353176853,0.004085637567578407,-0.02615563706568114,-0.20709136680941442
E5,2026-03-02,0,DAL,Airlines,63.92216110229492,-0.022069999498102733,0.07955689200142935,-0.006979025272599782,-0.01509097422550295,-0.22218234103491738
E5,2026-03-03,1,DAL,Airlines,64.27037811279297,0.005447516236830596,-0.009444031095625416,0.005461391649494148,-1.3875412663551766e-05,-0.22219621644758092
E5,2026-03-03,1,DAL,Airlines,64.27037811279297,0.005447516236830596,0.09934697330735043,-0.009745253462158217,0.015192769698988813,-0.2070034467485921
E5,2026-03-04,2,DAL,Airlines,63.50430679321289,-0.011919508521260669,0.007756049264286302,0.003057189947704135,-0.014976698468964805,-0.2219801452175569
E5,2026-03-04,2,DAL,Airlines,63.50430679321289,-0.011919508521260669,-0.10267289383229627,0.018492783698676532,-0.0304122922199372,-0.2523924374374941
E5,2026-03-05,3,DAL,Airlines,60.99716567993164,-0.039479859554174435,-0.005646704863891072,0.004930607025378914,-0.044410466579553345,-0.29680290401704745
E5,2026-03-05,3,DAL,Airlines,60.99716567993164,-0.039479859554174435,0.12293146233401209,-0.013041858330697265,-0.02643800122347717,-0.3232409052405246
E5,2026-03-06,4,DAL,Airlines,58.70889663696289,-0.03751435033843875,-0.013276795812569242,0.005997129812468892,-0.043511480150907646,-0.3667523853914323
E5,2026-03-06,4,DAL,Airlines,58.70889663696289,-0.03751435033843875,0.24168420088918596,-0.02964093985545585,-0.007873410482982901,-0.3746257958744152
E5,2026-03-09,5,DAL,Airlines,60.27088928222656,0.026605723063108044,0.008304161513105202,0.0029805756311539816,0.023625147431954062,-0.35100064844246115
E5,2026-03-09,5,DAL,Airlines,60.27088928222656,0.026605723063108044,-0.1353000950181722,0.023053365450291713,0.0035523576128163314,-0.3474482908296448
E5,2026-03-10,6,DAL,Airlines,58.96757125854492,-0.02162433704236022,-0.0021351198877325173,0.004439762889828377,-0.026064099932188597,-0.3735123907618334
E5,2026-03-10,6,DAL,Airlines,58.96757125854492,-0.02162433704236022,-0.022352929208792838,0.007265778266445414,-0.028890115308805635,-0.40240250607063904
E5,2026-03-11,7,DAL,Airlines,58.83823394775391,-0.0021933633695701005,-0.0008376012017449197,0.00425839765387132,-0.00645176102344142,-0.40885426709408046
E5,2026-03-11,7,DAL,Airlines,58.83823394775391,-0.0021933633695701005,-0.028078650395929716,0.008066111075016098,-0.010259474444586199,-0.41911374153866665
E5,2026-03-12,8,DAL,Airlines,57.64435577392578,-0.020290856705322713,-0.015227676506708532,0.006269821020108287,-0.026560677725430998,-0.4456744192640977
E5,2026-03-12,8,DAL,Airlines,57.64435577392578,-0.020290856705322713,0.12628978254650813,-0.013511279345081423,-0.00677957736024129,-0.45245399662433894
E5,2026-03-13,9,DAL,Airlines,58.48006820678711,0.014497732200163593,-0.006059115470564369,0.004988253167818523,0.00950947903234507,-0.4429445175919939
E5,2026-03-13,9,DAL,Airlines,58.48006820678711,0.014497732200163593,-0.0036643597696923713,0.004653517770603358,0.009844214429560235,-0.43310030316243364
E5,2026-03-16,10,DAL,Airlines,60.52956008911133,0.03504598994442287,0.010130883162251969,0.0027252391905283136,0.03232075075389456,-0.4007795524085391
E5,2026-03-16,10,DAL,Airlines,60.52956008911133,0.03504598994442287,-0.13534388499059746,0.023059486347637725,0.011986503596785148,-0.3887930488117539
E5,2026-02-13,-10,GLD,Controls,462.6199951171875,0.024878663914389865,0.0004990891480125548,0.0035612574103754836,0.021317406504014383,0.021317406504014383
E5,2026-02-13,-10,GLD,Controls,462.6199951171875,0.024878663914389865,-0.010566729902939609,0.0037670142247528122,0.021111649689637052,0.042429056193651435
E5,2026-02-17,-9,GLD,Controls,448.2000122070313,-0.03117025433910059,0.0010313220779065713,0.0035513611205791776,-0.034721615459679764,0.007707440733971671
E5,2026-02-17,-9,GLD,Controls,448.2000122070313,-0.03117025433910059,-0.015048517485525714,0.003850348167903585,-0.03502060250700417,-0.0273131617730325
E5,2026-02-18,-8,GLD,Controls,458.2799987792969,0.022489929267582198,0.005566070147410729,0.00346704243504052,0.019022886832541677,-0.008290274940490824
E5,2026-02-18,-8,GLD,Controls,458.2799987792969,0.022489929267582198,-0.03302119497595557,0.004184530468304005,0.018305398799278193,0.010015123858787368
E5,2026-02-19,-7,GLD,Controls,459.55999755859375,0.0027930496262249527,-0.0028221256867719813,0.003623011771360556,-0.0008299621451356032,0.009185161713651765
E5,2026-02-19,-7,GLD,Controls,459.55999755859375,0.0027930496262249527,0.031090656315525544,0.002992440644240494,-0.00019939101801554147,0.008985770695636223
E5,2026-02-20,-6,GLD,Controls,468.6199951171875,0.019714504323102178,0.006939724763506794,0.003441500828354089,0.016273003494748087,0.02525877419038431
E5,2026-02-20,-6,GLD,Controls,468.6199951171875,0.019714504323102178,-0.056351923650237334,0.004618339876086518,0.01509616444701566,0.04035493863739997
E5,2026-02-23,-5,GLD,Controls,481.2799987792969,0.027015500392687075,-0.010385652247284827,0.0037636472835972695,0.023251853109089806,0.06360679174648978
E5,2026-02-23,-5,GLD,Controls,481.2799987792969,0.027015500392687075,0.10057622110776498,0.0017004324891251729,0.025315067903561903,0.08892185965005169
E5,2026-02-24,-4,GLD,Controls,474.6099853515625,-0.01385890426498504,0.0076516140863223114,0.003428264024229847,-0.017287168289214887,0.0716346913608368
E5,2026-02-24,-4,GLD,Controls,474.6099853515625,-0.01385890426498504,-0.06949076515545538,0.004862642277948917,-0.018721546542933957,0.05291314481790285
E5,2026-02-25,-3,GLD,Controls,473.4200134277344,-0.0025072627221415233,0.008136355657339944,0.0034192507843612387,-0.005926513506502762,0.04698663131140009
E5,2026-02-25,-3,GLD,Controls,473.4200134277344,-0.0025072627221415233,-0.082864398726613,0.005111310381735986,-0.007618573103877509,0.03936805820752258
E5,2026-02-26,-2,GLD,Controls,477.4800109863281,0.008575889154321725,-0.005365580569328343,0.0036703045358398587,0.004905584618481867,0.04427364282600445
E5,2026-02-26,-2,GLD,Controls,477.4800109863281,0.008575889154321725,0.03904064939635021,0.0028446192093245183,0.005731269944997207,0.05000491277100166
E5,2026-02-27,-1,GLD,Controls,483.75,0.01313141674919538,-0.00433935281103115,0.003651222951964271,0.009480193797231109,0.05948510656823276
E5,2026-02-27,-1,GLD,Controls,483.75,0.01313141674919538,0.06602262506673906,0.002342918853121052,0.010788497896074327,0.07027360446430708
E5,2026-03-02,0,GLD,Controls,490.0,0.012919896640826822,0.0003983547353176853,0.0035631304567138367,0.009356766184112986,0.07963037064842007
E5,2026-03-02,0,GLD,Controls,490.0,0.012919896640826822,0.07955689200142935,0.00209126394745235,0.010828632693374472,0.09045900334179455
E5,2026-03-03,1,GLD,Controls,468.1400146484375,-0.04461221500318879,-0.009444031095625416,0.003746138867128171,-0.048358353870316964,0.04210064947147758
E5,2026-03-03,1,GLD,Controls,468.1400146484375,-0.04461221500318879,0.09934697330735043,0.0017232890088576074,-0.0463355040120464,-0.004234854540568815
E5,2026-03-04,2,GLD,Controls,471.7999877929688,0.007818116439543887,0.007756049264286302,0.0034263221662048913,0.0043917942733389965,0.00015693973277018138
E5,2026-03-04,2,GLD,Controls,471.7999877929688,0.007818116439543887,-0.10267289383229627,0.0054796277048177865,0.002338488734726101,0.002495428467496282
E5,2026-03-05,3,GLD,Controls,466.1300048828125,-0.012017768242597704,-0.005646704863891072,0.003675531734931671,-0.015693299977529374,-0.013197871510033092
E5,2026-03-05,3,GLD,Controls,466.1300048828125,-0.012017768242597704,0.12293146233401209,0.001284761204589434,-0.013302529447187138,-0.02650040095722023
E5,2026-03-06,4,GLD,Controls,473.510009765625,0.01583250339069653,-0.013276795812569242,0.0038174049392358956,0.012015098451460633,-0.014485302505759598
E5,2026-03-06,4,GLD,Controls,473.510009765625,0.01583250339069653,0.24168420088918596,-0.0009233162157253278,0.016755819606421855,0.0022705171006622577
E5,2026-03-09,5,GLD,Controls,472.5299987792969,-0.0020696732193965506,0.008304161513105202,0.0034161306178234394,-0.00548580383721999,-0.0032152867365577327
E5,2026-03-09,5,GLD,Controls,472.5299987792969,-0.0020696732193965506,-0.1353000950181722,0.006086294861324055,-0.008155968080720607,-0.01137125481727834
E5,2026-03-10,6,GLD,Controls,477.8599853515625,0.01127967872100144,-0.0021351198877325173,0.0036102376491723796,0.007669441071829061,-0.0037018137454492787
E5,2026-03-10,6,GLD,Controls,477.8599853515625,0.01127967872100144,-0.022352929208792838,0.003986165722859044,0.007293512998142396,0.0035916992526931176
E5,2026-03-11,7,GLD,Controls,476.239990234375,-0.003390104145245987,-0.0008376012017449197,0.0035861117069177126,-0.0069762158521637,-0.0033845165994705823
E5,2026-03-11,7,GLD,Controls,476.239990234375,-0.003390104145245987,-0.028078650395929716,0.004092629252223976,-0.007482733397469962,-0.010867249996940545
E5,2026-03-12,8,GLD,Controls,466.8800048828125,-0.019653925633074443,-0.015227676506708532,0.003853679434147485,-0.023507605067221927,-0.03437485506416247
E5,2026-03-12,8,GLD,Controls,466.8800048828125,-0.019653925633074443,0.12628978254650813,0.001222316909648363,-0.020876242542722807,-0.05525109760688528
E5,2026-03-13,9,GLD,Controls,460.8399963378906,-0.012936961278600778,-0.006059115470564369,0.0036832000595494697,-0.01662016133815025,-0.07187125894503553
E5,2026-03-13,9,GLD,Controls,460.8399963378906,-0.012936961278600778,-0.0036643597696923713,0.003638672193880008,-0.016575633472480786,-0.08844689241751631
E5,2026-03-16,10,GLD,Controls,460.4299926757813,-0.0008896876689684641,0.010130883162251969,0.0033821647246932607,-0.004271852393661724,-0.09271874481117803
E5,2026-03-16,10,GLD,Controls,460.4299926757813,-0.0008896876689684641,-0.13534388499059746,0.00608710908801495,-0.006976796756983414,-0.09969554156816145
E5,2026-02-13,-10,ITA,Defense,234.28140258789065,0.010063089693780336,0.0004990891480125548,0.0023733198618678016,0.0076897698319125345,0.0076897698319125345
E5,2026-02-13,-10,ITA,Defense,234.28140258789065,0.010063089693780336,-0.010566729902939609,0.003105621353967989,0.006957468339812347,0.01464723817172488
E5,2026-02-17,-9,ITA,Defense,237.5731506347656,0.014050402680340968,0.0010313220779065713,0.002338098341715373,0.011712304338625594,0.026359542510350477
E5,2026-02-17,-9,ITA,Defense,237.5731506347656,0.014050402680340968,-0.015048517485525714,0.003402212118636375,0.010648190561704593,0.03700773307205507
E5,2026-02-18,-8,ITA,Defense,239.7177734375,0.00902721034344256,0.005566070147410729,0.0020380028167202666,0.006989207526722293,0.043996940598777366
E5,2026-02-18,-8,ITA,Defense,239.7177734375,0.00902721034344256,-0.03302119497595557,0.004591588023183156,0.004435622320259404,0.04843256291903677
E5,2026-02-19,-7,ITA,Defense,242.87982177734372,0.013190712955909234,-0.0028221256867719813,0.0025931075312575986,0.010597605424651636,0.059030168343688405
E5,2026-02-19,-7,ITA,Defense,242.87982177734372,0.013190712955909234,0.031090656315525544,0.00034886508095167534,0.012841847874957558,0.07187201621864596
E5,2026-02-20,-6,ITA,Defense,243.03941345214844,0.0006570808296748609,0.006939724763506794,0.0019470986260439424,-0.0012900177963690814,0.07058199842227687
E5,2026-02-20,-6,ITA,Defense,243.03941345214844,0.0006570808296748609,-0.056351923650237334,0.006135543092509096,-0.005478462262834235,0.06510353615944264
E5,2026-02-23,-5,ITA,Defense,240.6554107666016,-0.00980911964723874,-0.010385652247284827,0.0030936381978354482,-0.012902757845074189,0.05220077831436845
E5,2026-02-23,-5,ITA,Defense,240.6554107666016,-0.00980911964723874,0.10057622110776498,-0.004249473509484864,-0.005559646137753876,0.04664113217661457
E5,2026-02-24,-4,ITA,Defense,242.5007781982422,0.007668090344456591,0.0076516140863223114,0.0018999880045067919,0.005768102339949799,0.052409234516564374
E5,2026-02-24,-4,ITA,Defense,242.5007781982422,0.007668090344456591,-0.06949076515545538,0.007005030763908453,0.0006630595805481379,0.05307229409711251
E5,2026-02-25,-3,ITA,Defense,240.61550903320312,-0.007774280887040574,0.008136355657339944,0.0018679093147952828,-0.009642190201835857,0.043430103895276656
E5,2026-02-25,-3,ITA,Defense,240.61550903320312,-0.007774280887040574,-0.082864398726613,0.007890056244070917,-0.01566433713111149,0.027765766764165166
E5,2026-02-26,-2,ITA,Defense,242.2115020751953,0.006632959980031661,-0.005365580569328343,0.002761425465701436,0.003871534514330225,0.03163730127849539
E5,2026-02-26,-2,ITA,Defense,242.2115020751953,0.006632959980031661,0.03904064939635021,-0.00017724073809957056,0.006810200718131231,0.038447501996626623
E5,2026-02-27,-1,ITA,Defense,243.1092529296875,0.0037064749064372737,-0.00433935281103115,0.002693512904039676,0.0010129620023975978,0.03946046399902422
E5,2026-02-27,-1,ITA,Defense,243.1092529296875,0.0037064749064372737,0.06602262506673906,-0.0019628239789114227,0.005669298885348697,0.04512976288437291
E5,2026-03-02,0,ITA,Defense,249.9520568847656,0.02814703213726366,0.0003983547353176853,0.0023799861520341806,0.02576704598522948,0.0708968088696024
E5,2026-03-02,0,ITA,Defense,249.9520568847656,0.02814703213726366,0.07955689200142935,-0.0028584796755318294,0.03100551181279549,0.10190232068239788
E5,2026-03-03,1,ITA,Defense,244.36607360839844,-0.02234821887840055,-0.009444031095625416,0.0030313246382897632,-0.025379543516690313,0.07652277716570757
E5,2026-03-03,1,ITA,Defense,244.36607360839844,-0.02234821887840055,0.09934697330735043,-0.0041681257127913155,-0.018180093165609236,0.05834268400009834
E5,2026-03-04,2,ITA,Defense,246.35110473632807,0.008123186245201364,0.007756049264286302,0.0018930768092036122,0.006230109435997751,0.0645727934360961
E5,2026-03-04,2,ITA,Defense,246.35110473632807,0.008123186245201364,-0.10267289383229627,0.009200920849335084,-0.0010777346041337208,0.06349505883196237
E5,2026-03-05,3,ITA,Defense,239.4384613037109,-0.028060127597218765,-0.005646704863891072,0.0027800293972699884,-0.030840156994488752,0.03265490183747362
E5,2026-03-05,3,ITA,Defense,239.4384613037109,-0.028060127597218765,0.12293146233401209,-0.005728873853089048,-0.02233125374412972,0.0103236480933439
E5,2026-03-06,4,ITA,Defense,241.5930633544922,0.00899856288354739,-0.013276795812569242,0.003284965088053435,0.0057135977954939545,0.016037245888837856
E5,2026-03-06,4,ITA,Defense,241.5930633544922,0.00899856288354739,0.24168420088918596,-0.013587560791174713,0.022586123674722104,0.03862336956355996
E5,2026-03-09,5,ITA,Defense,241.3835906982422,-0.000867047477860039,0.008304161513105202,0.0018568044451065385,-0.0027238519229665775,0.03589951764059338
E5,2026-03-09,5,ITA,Defense,241.3835906982422,-0.000867047477860039,-0.1353000950181722,0.011360087559133585,-0.012227135036993624,0.02367238260359976
E5,2026-03-10,6,ITA,Defense,239.1192779541016,-0.009380557881298768,-0.0021351198877325173,0.002547643623940698,-0.011928201505239466,0.011744181098360293
E5,2026-03-10,6,ITA,Defense,239.1192779541016,-0.009380557881298768,-0.022352929208792838,0.003885595371085488,-0.013266153252384255,-0.001521972154023962
E5,2026-03-11,7,ITA,Defense,238.0818634033203,-0.004338481445985365,-0.0008376012017449197,0.0024617778723500074,-0.006800259318335372,-0.008322231472359335
E5,2026-03-11,7,ITA,Defense,238.0818634033203,-0.004338481445985365,-0.028078650395929716,0.004264505793294968,-0.008602987239280333,-0.01692521871163967
E5,2026-03-12,8,ITA,Defense,230.909912109375,-0.03012388760497786,-0.015227676506708532,0.0034140683055061665,-0.03353795591048403,-0.0504631746221237
E5,2026-03-12,8,ITA,Defense,230.909912109375,-0.03012388760497786,0.12628978254650813,-0.0059511170409847925,-0.02417277056399307,-0.07463594518611677
E5,2026-03-13,9,ITA,Defense,228.7652740478516,-0.009287769597814188,-0.006059115470564369,0.0028073214486973802,-0.012095091046511568,-0.08673103623262834
E5,2026-03-13,9,ITA,Defense,228.7652740478516,-0.009287769597814188,-0.0036643597696923713,0.0026488439636699074,-0.011936613561484096,-0.09866764979411244
E5,2026-03-16,10,ITA,Defense,232.22659301757807,0.015130438761446152,0.010130883162251969,0.0017359176871392836,0.01339452107430687,-0.08527312871980557
E5,2026-03-16,10,ITA,Defense,232.22659301757807,0.015130438761446152,-0.13534388499059746,0.011362985443329811,0.003767453318116341,-0.08150567540168922
E5,2026-02-13,-10,JETS,Airlines,29.36000061035156,0.001022866918634291,0.0004990891480125548,0.0037469467202416906,-0.0027240798016073997,-0.0027240798016073997
E5,2026-02-13,-10,JETS,Airlines,29.36000061035156,0.001022866918634291,-0.010566729902939609,0.004896512641227881,-0.00387364572259359,-0.00659772552420099
E5,2026-02-17,-9,JETS,Airlines,30.170000076293945,0.027588537094811905,0.0010313220779065713,0.003691656024142684,0.023896881070669222,0.017299155546468232
E5,2026-02-17,-9,JETS,Airlines,30.170000076293945,0.027588537094811905,-0.015048517485525714,0.005362100434261307,0.022226436660550596,0.03952559220701883
E5,2026-02-18,-8,JETS,Airlines,30.299999237060547,0.00430888831414844,0.005566070147410729,0.003220566462949169,0.0010883218511992714,0.040613914058218105
E5,2026-02-18,-8,JETS,Airlines,30.299999237060547,0.00430888831414844,-0.03302119497595557,0.007229181167891775,-0.0029202928537433344,0.03769362120447477
E5,2026-02-19,-7,JETS,Airlines,29.100000381469727,-0.039603923623967474,-0.0028221256867719813,0.004091969115128363,-0.04369589273909584,-0.006002271534621073
E5,2026-02-19,-7,JETS,Airlines,29.100000381469727,-0.039603923623967474,0.031090656315525544,0.0005689602627180598,-0.04017288388668554,-0.04617515542130661
E5,2026-02-20,-6,JETS,Airlines,29.46999931335449,0.012714739760634863,0.006939724763506794,0.0030778651837579524,0.009636874576876911,-0.0365382808444297
E5,2026-02-20,-6,JETS,Airlines,29.46999931335449,0.012714739760634863,-0.056351923650237334,0.009652879808926564,0.003061859951708299,-0.033476420892721404
E5,2026-02-23,-5,JETS,Airlines,28.51000022888184,-0.03257547020157614,-0.010385652247284827,0.004877701498461643,-0.037453171700037785,-0.07092959259275919
E5,2026-02-23,-5,JETS,Airlines,28.51000022888184,-0.03257547020157614,0.10057622110776498,-0.006649505620181333,-0.025925964581394807,-0.09685555717415399
E5,2026-02-24,-4,JETS,Airlines,28.81999969482422,0.010873358942604883,0.0076516140863223114,0.0030039109919123667,0.007869447950692516,-0.08898610922346148
E5,2026-02-24,-4,JETS,Airlines,28.81999969482422,0.010873358942604883,-0.06949076515545538,0.011017800414088452,-0.00014444147148356956,-0.08913055069494505
E5,2026-02-25,-3,JETS,Airlines,28.90999984741211,0.003122836694687825,0.008136355657339944,0.002953553906913834,0.00016928278777399077,-0.08896126790717106
E5,2026-02-25,-3,JETS,Airlines,28.90999984741211,0.003122836694687825,-0.082864398726613,0.012407112251049745,-0.00928427555636192,-0.09824554346353298
E5,2026-02-26,-2,JETS,Airlines,29.6299991607666,0.024904853585426157,-0.005365580569328343,0.004356194387662631,0.020548659197763525,-0.07769688426576946
E5,2026-02-26,-2,JETS,Airlines,29.6299991607666,0.024904853585426157,0.03904064939635021,-0.00025691996139473854,0.025161773546820896,-0.05253511071894856
E5,2026-02-27,-1,JETS,Airlines,28.450000762939453,-0.03982444924904338,-0.00433935281103115,0.004249585337516723,-0.044074034586560104,-0.09660914530550867
E5,2026-02-27,-1,JETS,Airlines,28.450000762939453,-0.03982444924904338,0.06602262506673906,-0.0030599261888360424,-0.03676452306020734,-0.133373668365716
E5,2026-03-02,0,JETS,Airlines,27.700000762939453,-0.02636203795737646,0.0003983547353176853,0.0037574114537938462,-0.030119449411170306,-0.16349311777688633
E5,2026-03-02,0,JETS,Airlines,27.700000762939453,-0.02636203795737646,0.07955689200142935,-0.004465925325638432,-0.02189611263173803,-0.18538923040862434
E5,2026-03-03,1,JETS,Airlines,27.43000030517578,-0.009747308676067323,-0.009444031095625416,0.004779881754487582,-0.014527190430554907,-0.19991642083917927
E5,2026-03-03,1,JETS,Airlines,27.43000030517578,-0.009747308676067323,0.09934697330735043,-0.006521805955719332,-0.003225502720347991,-0.20314192355952726
E5,2026-03-04,2,JETS,Airlines,27.31999969482422,-0.004010230008302473,0.007756049264286302,0.0029930618065979546,-0.007003291814900428,-0.21014521537442768
E5,2026-03-04,2,JETS,Airlines,27.31999969482422,-0.004010230008302473,-0.10267289383229627,0.014464905787584746,-0.01847513579588722,-0.2286203511703149
E5,2026-03-05,3,JETS,Airlines,26.07999992370605,-0.04538798627267504,-0.005646704863891072,0.004385398815017042,-0.04977338508769208,-0.278393736258007
E5,2026-03-05,3,JETS,Airlines,26.07999992370605,-0.04538798627267504,0.12293146233401209,-0.008971866337520907,-0.03641611993515413,-0.31480985619316115
E5,2026-03-06,4,JETS,Airlines,25.350000381469727,-0.027990780075607846,-0.013276795812569242,0.005178046199565671,-0.033168826275173514,-0.3479786824683347
E5,2026-03-06,4,JETS,Airlines,25.350000381469727,-0.027990780075607846,0.24168420088918596,-0.021308422776609284,-0.006682357298998562,-0.35466103976733326
E5,2026-03-09,5,JETS,Airlines,25.770000457763672,0.01656805009758333,0.008304161513105202,0.002936121497054117,0.013631928600529215,-0.34102911116680407
E5,2026-03-09,5,JETS,Airlines,25.770000457763672,0.01656805009758333,-0.1353000950181722,0.017854362854227805,-0.001286312756644474,-0.34231542392344855
E5,2026-03-10,6,JETS,Airlines,25.350000381469727,-0.016298023625661684,-0.0021351198877325173,0.004020599933104037,-0.020318623558765722,-0.3626340474822143
E5,2026-03-10,6,JETS,Airlines,25.350000381469727,-0.016298023625661684,-0.022352929208792838,0.0061209148294051885,-0.022418938455066872,-0.38505298593728116
E5,2026-03-11,7,JETS,Airlines,25.21999931335449,-0.005128247185758106,-0.0008376012017449197,0.003885807988975349,-0.009014055174733455,-0.3940670411120146
E5,2026-03-11,7,JETS,Airlines,25.21999931335449,-0.005128247185758106,-0.028078650395929716,0.006715727912783303,-0.011843975098541409,-0.40591101621055603
E5,2026-03-12,8,JETS,Airlines,24.21999931335449,-0.03965107165845483,-0.015227676506708532,0.005380712260845558,-0.045031783919300385,-0.45094280012985644
E5,2026-03-12,8,JETS,Airlines,24.21999931335449,-0.03965107165845483,0.12628978254650813,-0.009320743402134788,-0.030330328256320038,-0.4812731283861765
E5,2026-03-13,9,JETS,Airlines,24.049999237060547,-0.0070189959171553795,-0.006059115470564369,0.0044282418415207215,-0.0114472377586761,-0.4927203661448526
E5,2026-03-13,9,JETS,Airlines,24.049999237060547,-0.0070189959171553795,-0.0036643597696923713,0.004179464093562429,-0.011198460010717809,-0.5039188261555704
E5,2026-03-16,10,JETS,Airlines,24.57999992370605,0.022037451287265863,0.010130883162251969,0.002746353623088554,0.01929109766417731,-0.4846277284913931
E5,2026-03-16,10,JETS,Airlines,24.57999992370605,0.022037451287265863,-0.13534388499059746,0.017858911949034904,0.004178539338230959,-0.4804491891531621
E5,2026-02-13,-10,LMT,Defense,640.9722290039062,0.023767372731574588,0.0004990891480125548,0.005458494963080044,0.018308877768494543,0.018308877768494543
E5,2026-02-13,-10,LMT,Defense,640.9722290039062,0.023767372731574588,-0.010566729902939609,0.00572320579271265,0.018044166938861936,0.03635304470735648
E5,2026-02-17,-9,LMT,Defense,638.0255737304688,-0.004597165275033399,0.0010313220779065713,0.005445763160781333,-0.010042928435814731,0.02631011627154175
E5,2026-02-17,-9,LMT,Defense,638.0255737304688,-0.004597165275033399,-0.015048517485525714,0.00583041680924571,-0.01042758208427911,0.01588253418726264
E5,2026-02-18,-8,LMT,Defense,638.25146484375,0.00035404711438213887,0.005566070147410729,0.005337285250730019,-0.00498323813634788,0.01089929605091476
E5,2026-02-18,-8,LMT,Defense,638.25146484375,0.00035404711438213887,-0.03302119497595557,0.0062603499526763876,-0.005906302838294249,0.004992993212620511
E5,2026-02-19,-7,LMT,Defense,654.6544189453125,0.02569982993392439,-0.0028221256867719813,0.005537943355490571,0.02016188657843382,0.02515487979105433
E5,2026-02-19,-7,LMT,Defense,654.6544189453125,0.02569982993392439,0.031090656315525544,0.004726699233601063,0.020973130700323327,0.04612801049137766
E5,2026-02-20,-6,LMT,Defense,646.5511474609375,-0.01237793750392746,0.006939724763506794,0.0053044253917913205,-0.01768236289571878,0.028445647595658877
E5,2026-02-20,-6,LMT,Defense,646.5511474609375,-0.01237793750392746,-0.056351923650237334,0.006818455639645031,-0.019196393143572493,0.009249254452086384
E5,2026-02-23,-5,LMT,Defense,648.869140625,0.003585165958123193,-0.010385652247284827,0.0057188741462041,-0.0021337081880809065,0.007115546264005478
E5,2026-02-23,-5,LMT,Defense,648.869140625,0.003585165958123193,0.10057622110776498,0.0030645013051014813,0.0005206646530217119,0.0076362109170271895
E5,2026-02-24,-4,LMT,Defense,652.6113891601562,0.005767339361449242,0.0076516140863223114,0.0052873959416998816,0.0004799434197493603,0.00811615433677655
E5,2026-02-24,-4,LMT,Defense,652.6113891601562,0.005767339361449242,-0.06949076515545538,0.007132756245794769,-0.0013654168843455269,0.006750737452431023
E5,2026-02-25,-3,LMT,Defense,635.9825439453125,-0.025480470446958225,0.008136355657339944,0.005275800203252446,-0.030756270650210672,-0.02400553319777965
E5,2026-02-25,-3,LMT,Defense,635.9825439453125,-0.025480470446958225,-0.082864398726613,0.007452673426938174,-0.0329331438738964,-0.05693867707167605
E5,2026-02-26,-2,LMT,Defense,630.2169189453125,-0.009065696936008671,-0.005365580569328343,0.0055987865745053145,-0.014664483510513986,-0.07160316058219003
E5,2026-02-26,-2,LMT,Defense,630.2169189453125,-0.009065696936008671,0.03904064939635021,0.004536523589637546,-0.013602220525646217,-0.08520538110783625
E5,2026-02-27,-1,LMT,Defense,646.3743286132812,0.02563785449462186,-0.00433935281103115,0.005574237682097076,0.020063616812524783,-0.06514176429531146
E5,2026-02-27,-1,LMT,Defense,646.3743286132812,0.02563785449462186,0.06602262506673906,0.0038910746507069167,0.021746779843914942,-0.043394984451396515
E5,2026-03-02,0,LMT,Defense,668.1660766601562,0.033713820432235586,0.0003983547353176853,0.005460904679869577,0.02825291575236601,-0.015142068699030505
E5,2026-03-02,0,LMT,Defense,668.1660766601562,0.033713820432235586,0.07955689200142935,0.00356731488089189,0.030146505551343697,0.015004436852313192
E5,2026-03-03,1,LMT,Defense,659.3980102539062,-0.013122585405828113,-0.009444031095625416,0.0056963491695071495,-0.01881893457533526,-0.0038144977230220693
E5,2026-03-03,1,LMT,Defense,659.3980102539062,-0.013122585405828113,0.09934697330735043,0.003093906738497195,-0.016216492144325308,-0.020030989867347377
E5,2026-03-04,2,LMT,Defense,656.10009765625,-0.005001399073658708,0.007756049264286302,0.005284897697107738,-0.010286296770766446,-0.030317286638113825
E5,2026-03-04,2,LMT,Defense,656.10009765625,-0.005001399073658708,-0.10267289383229627,0.007926522054776314,-0.012927921128435022,-0.043245207766548846
E5,2026-03-05,3,LMT,Defense,646.7396850585938,-0.014266744710287216,-0.005646704863891072,0.005605511485232747,-0.019872256195519963,-0.06311746396206881
E5,2026-03-05,3,LMT,Defense,646.7396850585938,-0.014266744710287216,0.12293146233401209,0.0025297307269464267,-0.016796475437233643,-0.07991393939930246
E5,2026-03-06,4,LMT,Defense,663.2982177734375,0.02560308745139639,-0.013276795812569242,0.005788034594990541,0.01981505285640585,-0.06009888654289661
E5,2026-03-06,4,LMT,Defense,663.2982177734375,0.02560308745139639,0.24168420088918596,-0.00031101118283377756,0.025914098634230165,-0.03418478790866644
E5,2026-03-09,5,LMT,Defense,655.7743530273438,-0.011343110149383273,0.008304161513105202,0.005271786037912104,-0.016614896187295378,-0.05079968409596182
E5,2026-03-09,5,LMT,Defense,655.7743530273438,-0.011343110149383273,-0.1353000950181722,0.008707013173846258,-0.02005012332322953,-0.07084980741919135
E5,2026-03-10,6,LMT,Defense,643.00732421875,-0.01946863086312467,-0.0021351198877325173,0.005521509156251565,-0.024990140019376234,-0.09583994743856758
E5,2026-03-10,6,LMT,Defense,643.00732421875,-0.01946863086312467,-0.022352929208792838,0.0060051491881452,-0.02547378005126987,-0.12131372748983746
E5,2026-03-11,7,LMT,Defense,641.2794189453125,-0.002687224870318361,-0.0008376012017449197,0.005490470581858643,-0.008177695452177003,-0.12949142294201446
E5,2026-03-11,7,LMT,Defense,641.2794189453125,-0.002687224870318361,-0.028078650395929716,0.0061421169443242225,-0.008829341814642584,-0.13832076475665706
E5,2026-03-12,8,LMT,Defense,644.5971069335938,0.0051735450885632694,-0.015227676506708532,0.005834702559167618,-0.0006611574706043488,-0.1389819222272614
E5,2026-03-12,8,LMT,Defense,644.5971069335938,0.0051735450885632694,0.12628978254650813,0.0024493947187821433,0.002724150369781126,-0.13625777185748028
E5,2026-03-13,9,LMT,Defense,637.8532104492188,-0.010462188569936859,-0.006059115470564369,0.005615376959567643,-0.0160775655295045,-0.1523353373869848
E5,2026-03-13,9,LMT,Defense,637.8532104492188,-0.010462188569936859,-0.0036643597696923713,0.005558090845866851,-0.01602027941580371,-0.1683556168027885
E5,2026-03-16,10,LMT,Defense,637.0632934570312,-0.0012383993358459078,0.010130883162251969,0.0052280881425256906,-0.006466487478371598,-0.17482210428116007
E5,2026-03-16,10,LMT,Defense,637.0632934570312,-0.0012383993358459078,-0.13534388499059746,0.008708060695035328,-0.009946460030881236,-0.1847685643120413
E5,2026-02-13,-10,XLE,Energy,53.61056900024414,0.0068544130379570856,0.0004990891480125548,0.0032731990896269257,0.00358121394833016,0.00358121394833016
E5,2026-02-13,-10,XLE,Energy,53.61056900024414,0.0068544130379570856,-0.010566729902939609,0.0034162658238954097,0.003438147214061676,0.007019361162391836
E5,2026-02-17,-9,XLE,Energy,53.01873397827149,-0.011039521366951965,0.0010313220779065713,0.0032663180059222786,-0.014305839372874244,-0.007286478210482408
E5,2026-02-17,-9,XLE,Energy,53.01873397827149,-0.011039521366951965,-0.015048517485525714,0.0034742095432146285,-0.014513730910166594,-0.021800209120649002
E5,2026-02-18,-8,XLE,Energy,54.03472137451172,0.019162800014361103,0.005566070147410729,0.003207689575975338,0.015955110438385767,-0.0058450986822632355
E5,2026-02-18,-8,XLE,Energy,54.03472137451172,0.019162800014361103,-0.03302119497595557,0.0037065730278131987,0.015456226986547904,0.009611128304284669
E5,2026-02-19,-7,XLE,Energy,54.42927932739258,0.00730193369826404,-0.0028221256867719813,0.0033161381037232914,0.0039857955945407485,0.013596923898825417
E5,2026-02-19,-7,XLE,Energy,54.42927932739258,0.00730193369826404,0.031090656315525544,0.002877689675397487,0.004424244022866553,0.01802116792169197
E5,2026-02-20,-6,XLE,Energy,54.13336181640625,-0.005436733953546935,0.006939724763506794,0.003189929997670939,-0.008626663951217875,0.009394503970474095
E5,2026-02-20,-6,XLE,Energy,54.13336181640625,-0.005436733953546935,-0.056351923650237334,0.004008209187248352,-0.009444943140795286,-5.0439170321190524e-05
E5,2026-02-23,-5,XLE,Energy,54.399688720703125,0.0049198293872847465,-0.010385652247284827,0.0034139247239077597,0.0015059046633769868,0.0014554654930557962
E5,2026-02-23,-5,XLE,Energy,54.399688720703125,0.0049198293872847465,0.10057622110776498,0.001979331154636076,0.0029404982326486705,0.004395963725704466
E5,2026-02-24,-4,XLE,Energy,54.350364685058594,-0.000906697019862901,0.0076516140863223114,0.0031807261890683526,-0.004087423208931254,0.00030854051677321227
E5,2026-02-24,-4,XLE,Energy,54.350364685058594,-0.000906697019862901,-0.06949076515545538,0.004178077421815319,-0.00508477444167822,-0.004776233924905008
E5,2026-02-25,-3,XLE,Energy,54.123497009277344,-0.004174170258026244,0.008136355657339944,0.003174459107236421,-0.0073486293652626645,-0.012124863290167672
E5,2026-02-25,-3,XLE,Energy,54.123497009277344,-0.004174170258026244,-0.082864398726613,0.004350981214252106,-0.00852515147227835,-0.020650014762446024
E5,2026-02-26,-2,XLE,Energy,54.301048278808594,0.0032804840659281798,-0.005365580569328343,0.0033490216871373234,-6.853762120914361e-05,-0.020718552383655168
E5,2026-02-26,-2,XLE,Energy,54.301048278808594,0.0032804840659281798,0.03904064939635021,0.0027749065427352232,0.0005055775231929565,-0.02021297486046221
E5,2026-02-27,-1,XLE,Energy,55.159210205078125,0.015803781942906436,-0.00433935281103115,0.0033357538889455017,0.012468028053960935,-0.007744946806501275
E5,2026-02-27,-1,XLE,Energy,55.159210205078125,0.015803781942906436,0.06602262506673906,0.0024260644800284357,0.013377717462878,0.005632770656376726
E5,2026-03-02,0,XLE,Energy,56.26397705078125,0.020028692245513957,0.0003983547353176853,0.0032745014553520794,0.01675419079016188,0.022386961446538605
E5,2026-03-02,0,XLE,Energy,56.26397705078125,0.020028692245513957,0.07955689200142935,0.0022510839058704434,0.017777608339643515,0.04016456978618212
E5,2026-03-03,1,XLE,Energy,55.75104904174805,-0.009116454895647719,-0.009444031095625416,0.003401750779759048,-0.012518205675406766,0.02764636411077535
E5,2026-03-03,1,XLE,Energy,55.75104904174805,-0.009116454895647719,0.09934697330735043,0.0019952237395050557,-0.011111678635152774,0.016534685475622576
E5,2026-03-04,2,XLE,Energy,55.425537109375,-0.005838669190409207,0.007756049264286302,0.0031793759772326758,-0.009018045167641882,0.0075166403079806945
E5,2026-03-04,2,XLE,Energy,55.425537109375,-0.005838669190409207,-0.10267289383229627,0.004607079447242778,-0.010445748637651985,-0.00292910832967129
E5,2026-03-05,3,XLE,Energy,55.71159362792969,0.005161096012298305,-0.005646704863891072,0.0033526562608242262,0.001808439751474079,-0.001120668578197211
E5,2026-03-05,3,XLE,Energy,55.71159362792969,0.005161096012298305,0.12293146233401209,0.0016903067867789,0.0034707892255194054,0.0023501206473221944
E5,2026-03-06,4,XLE,Energy,55.80036926269531,0.001593485825562846,-0.013276795812569242,0.0034513034724922118,-0.0018578176469293659,0.0004923030003928285
E5,2026-03-06,4,XLE,Energy,55.80036926269531,0.001593485825562846,0.24168420088918596,0.00015498740261945003,0.0014384984229433959,0.0019308014233362244
E5,2026-03-09,5,XLE,Energy,55.55376815795898,-0.0044193453913431435,0.008304161513105202,0.003172289594463356,-0.0075916349858065,-0.005660833562470276
E5,2026-03-09,5,XLE,Energy,55.55376815795898,-0.0044193453913431435,-0.1353000950181722,0.005028906977630816,-0.00944825236897396,-0.015109085931444236
E5,2026-03-10,6,XLE,Energy,54.843563079833984,-0.012784102711190126,-0.0021351198877325173,0.003307256006913329,-0.016091358718103455,-0.03120044464954769
E5,2026-03-10,6,XLE,Energy,54.843563079833984,-0.012784102711190126,-0.022352929208792838,0.003568646143541139,-0.016352748854731265,-0.04755319350427896
E5,2026-03-11,7,XLE,Energy,56.20478820800781,0.024820143909912273,-0.0008376012017449197,0.0032904807677555364,0.021529663142156735,-0.026023530362122224
E5,2026-03-11,7,XLE,Energy,56.20478820800781,0.024820143909912273,-0.028078650395929716,0.0036426723161907862,0.02117747159372149,-0.004846058768400736
E5,2026-03-12,8,XLE,Energy,56.727577209472656,0.009301502916976734,-0.015227676506708532,0.003476525837738996,0.005824977079237738,0.0009789183108370025
E5,2026-03-12,8,XLE,Energy,56.727577209472656,0.009301502916976734,0.12628978254650813,0.001646888048119125,0.007654614868857609,0.008633533179694612
E5,2026-03-13,9,XLE,Energy,56.91499328613281,0.003303791310672377,-0.006059115470564369,0.0033579881967977644,-5.419688612538732e-05,0.008579336293569224
E5,2026-03-13,9,XLE,Energy,56.91499328613281,0.003303791310672377,-0.0036643597696923713,0.003327027101562332,-2.323579088995501e-05,0.00855610050267927
E5,2026-03-16,10,XLE,Energy,57.11227798461914,0.003466304520049812,0.010130883162251969,0.0031486724451536105,0.00031763207489620164,0.008873732577575472
E5,2026-03-16,10,XLE,Energy,57.11227798461914,0.003466304520049812,-0.13534388499059746,0.005029473125361928,-0.0015631686053121157,0.007310563972263357
E5,2026-02-13,-10,XOM,Energy,146.50057983398438,-0.009871213962654224,0.0004990891480125548,0.004350799156618021,-0.014222013119272245,-0.014222013119272245
E5,2026-02-13,-10,XOM,Energy,146.50057983398438,-0.009871213962654224,-0.010566729902939609,0.004387151293433552,-0.014258365256087776,-0.02848037837536002
E5,2026-02-17,-9,XOM,Energy,144.270263671875,-0.015223940851543327,0.0010313220779065713,0.004349050727134749,-0.019572991578678076,-0.0480533699540381
E5,2026-02-17,-9,XOM,Energy,144.270263671875,-0.015223940851543327,-0.015048517485525714,0.004401874338752669,-0.019625815190295996,-0.06767918514433409
E5,2026-02-18,-8,XOM,Energy,148.7012939453125,0.030713399703180322,0.005566070147410729,0.004334153702207128,0.026379246000973196,-0.04129993914336089
E5,2026-02-18,-8,XOM,Energy,148.7012939453125,0.030713399703180322,-0.03302119497595557,0.0044609160805401706,0.02625248362264015,-0.015047455520720742
E5,2026-02-19,-7,XOM,Energy,148.98748779296875,0.001924622443174595,-0.0028221256867719813,0.0043617096238425385,-0.0024370871806679434,-0.017484542701388685
E5,2026-02-19,-7,XOM,Energy,148.98748779296875,0.001924622443174595,0.031090656315525544,0.004250303311714497,-0.0023256808685399016,-0.019810223569928585
E5,2026-02-20,-6,XOM,Energy,145.345947265625,-0.024441921810266276,0.006939724763506794,0.004329641132436043,-0.02877156294270232,-0.048581786512630905
E5,2026-02-20,-6,XOM,Energy,145.345947265625,-0.024441921810266276,-0.056351923650237334,0.004537559466526187,-0.028979481276792462,-0.07756126778942336
E5,2026-02-23,-5,XOM,Energy,148.78024291992188,0.02362842390108466,-0.010385652247284827,0.004386556438259951,0.019241867462824712,-0.05831940032659865
E5,2026-02-23,-5,XOM,Energy,148.78024291992188,0.02362842390108466,0.10057622110776498,0.004022037446675377,0.019606386454409284,-0.03871301387218937
E5,2026-02-24,-4,XOM,Energy,147.29994201660156,-0.00994957982503808,0.0076516140863223114,0.004327302516745569,-0.014276882341783648,-0.052989896213973015
E5,2026-02-24,-4,XOM,Energy,147.29994201660156,-0.00994957982503808,-0.06949076515545538,0.004580721654683797,-0.014530301479721876,-0.06752019769369488
E5,2026-02-25,-3,XOM,Energy,147.10256958007812,-0.0013399356022909537,0.008136355657339944,0.004325710100329878,-0.005665645702620832,-0.07318584339631572
E5,2026-02-25,-3,XOM,Energy,147.10256958007812,-0.0013399356022909537,-0.082864398726613,0.004624655154324538,-0.005964590756615491,-0.07915043415293121
E5,2026-02-26,-2,XOM,Energy,146.58938598632812,-0.003488610669514114,-0.005365580569328343,0.00437006508487521,-0.007858675754389324,-0.08700910990732054
E5,2026-02-26,-2,XOM,Energy,146.58938598632812,-0.003488610669514114,0.03904064939635021,0.004224186922604393,-0.0077127975921185065,-0.09472190749943904
E5,2026-02-27,-1,XOM,Energy,150.49740600585938,0.026659638371742345,-0.00433935281103115,0.004366693841255398,0.022292944530486948,-0.0724289629689521
E5,2026-02-27,-1,XOM,Energy,150.49740600585938,0.026659638371742345,0.06602262506673906,0.004135548886268626,0.022524089485473717,-0.049904873483478385
E5,2026-03-02,0,XOM,Energy,152.19480895996094,0.011278619340691298,0.0003983547353176853,0.004351130077549897,0.006927489263141401,-0.042977384220336985
E5,2026-03-02,0,XOM,Energy,152.19480895996094,0.011278619340691298,0.07955689200142935,0.0040910876926559,0.007187531648035398,-0.035789852572301585
E5,2026-03-03,1,XOM,Energy,149.83619689941406,-0.015497322652886059,-0.009444031095625416,0.004383463134386472,-0.01988078578727253,-0.055670638359574115
E5,2026-03-03,1,XOM,Energy,149.83619689941406,-0.015497322652886059,0.09934697330735043,0.004026075628035032,-0.01952339828092109,-0.0751940366404952
E5,2026-03-04,2,XOM,Energy,147.85260009765625,-0.01323843532340463,0.007756049264286302,0.004326959438491694,-0.017565394761896322,-0.09275943140239153
E5,2026-03-04,2,XOM,Energy,147.85260009765625,-0.01323843532340463,-0.10267289383229627,0.0046897277098105795,-0.01792816303321521,-0.11068759443560673
E5,2026-03-05,3,XOM,Energy,148.78024291992188,0.006274105573070177,-0.005646704863891072,0.00437098860158654,0.0019031169714836364,-0.10878447746412309
E5,2026-03-05,3,XOM,Energy,148.78024291992188,0.006274105573070177,0.12293146233401209,0.003948598618165814,0.002325506954904363,-0.10645897050921872
E5,2026-03-06,4,XOM,Energy,149.22434997558594,0.0029849867626785542,-0.013276795812569242,0.004396054085560583,-0.0014110673228820286,-0.10787003783210075
E5,2026-03-06,4,XOM,Energy,149.22434997558594,0.0029849867626785542,0.24168420088918596,0.0035584859858066877,-0.0005734992231281335,-0.10844353705522888
E5,2026-03-09,5,XOM,Energy,148.46444702148438,-0.0050923522483152794,0.008304161513105202,0.004325158844123795,-0.009417511092439074,-0.11786104814766796
E5,2026-03-09,5,XOM,Energy,148.46444702148438,-0.0050923522483152794,-0.1353000950181722,0.0047969107819316415,-0.009889263030246922,-0.12775031117791488
E5,2026-03-10,6,XOM,Energy,146.18479919433594,-0.015354839982790969,-0.0021351198877325173,0.004359452752599231,-0.0197142927353902,-0.14746460391330507
E5,2026-03-10,6,XOM,Energy,146.18479919433594,-0.015354839982790969,-0.022352929208792838,0.004425869939358332,-0.019780709922149302,-0.16724531383545438
E5,2026-03-11,7,XOM,Energy,149.5894775390625,0.023290235123560432,-0.0008376012017449197,0.004355190295696895,0.018935044827863536,-0.14831026900759084
E5,2026-03-11,7,XOM,Energy,149.5894775390625,0.023290235123560432,-0.028078650395929716,0.004444679410126289,0.018845555713434145,-0.1294647132941567
E5,2026-03-12,8,XOM,Energy,151.5138702392578,0.01286449242188703,-0.015227676506708532,0.004402462891052304,0.008462029530834726,-0.12100268376332199
E5,2026-03-12,8,XOM,Energy,151.5138702392578,0.01286449242188703,0.12628978254650813,0.0039375662566864785,0.008926926165200553,-0.11207575759812144
E5,2026-03-13,9,XOM,Energy,154.06985473632812,0.016869640337443093,-0.006059115470564369,0.004372343404762784,0.01249729693268031,-0.09957846066544113
E5,2026-03-13,9,XOM,Energy,154.06985473632812,0.016869640337443093,-0.0036643597696923713,0.004364476432921202,0.012505163904521891,-0.08707329676091924
E5,2026-03-16,10,XOM,Energy,155.165283203125,0.007109946774932485,0.010130883162251969,0.004319157911431157,0.0027907888635013284,-0.08428250789741791
E5,2026-03-16,10,XOM,Energy,155.165283203125,0.007109946774932485,-0.13534388499059746,0.004797054635636589,0.0023128921392958964,-0.08196961575812202
